opportunity_id,physical_page,page_code,page_title,frame_type,content_need,label,claimable_by,required_tags,target_words,status,match_mode,payment_eligible,analytics_id
ISSUE-TEMPLATE-C1-FRONT-IMAGE-01,1,C1,Anna LIFE Cover,IMAGE,PHOTO_OR_ARTWORK,COVER HERO IMAGE,PRESS_PASS_PHOTOGRAPHER / ARTIST / PHOTO_EDITOR,"anna texas, front matter, anna life cover, image, life, cover, front, matter, hero, local photography",,OPEN,AI CANDIDATES + HUMAN SAVE,true,ANALYTICS-ISSUE-TEMPLATE-C1-FRONT-IMAGE-01
ISSUE-TEMPLATE-C1-FRONT-TEXT-01,1,C1,Anna LIFE Cover,TEXT,ARTICLE_OR_COPY,ISSUE DATE + THEME,PRESS_PASS_WRITER / SIERRA_GRACE_EDITOR,"anna texas, front matter, anna life cover, text, life, cover, front, matter, issue, date",150-450,OPEN,EDITORIAL_SELECTION,false,ANALYTICS-ISSUE-TEMPLATE-C1-FRONT-TEXT-01
ISSUE-TEMPLATE-C1-FRONT-TEXT-02,1,C1,Anna LIFE Cover,TEXT,ARTICLE_OR_COPY,COVER STORY HEADLINE + DECK,PRESS_PASS_WRITER / SIERRA_GRACE_EDITOR,"anna texas, front matter, anna life cover, text, life, cover, front, matter, headline, deck",15-75,OPEN,EDITORIAL_SELECTION,false,ANALYTICS-ISSUE-TEMPLATE-C1-FRONT-TEXT-02
ISSUE-TEMPLATE-C2-COVER-IFC,2,C2,Inside Front Cover Partner,AD,SPONSOR,INSIDE_FRONT / COVER_IFC,PRESS_PASS_WRITER / SIERRA_GRACE_EDITOR,"anna texas, front matter, inside front cover partner, ad, inside, front, cover, partner, matter, ifc",,DRAFT_ADMIN_REVIEW,PAID_PLACEMENT,false,ANALYTICS-ISSUE-TEMPLATE-C2-COVER-IFC
ISSUE-TEMPLATE-P01-FRONT-IMAGE-01,3,P01,Welcome / Founder's Letter,IMAGE,PHOTO_OR_ARTWORK,EDITOR / COMMUNITY PORTRAIT,PRESS_PASS_PHOTOGRAPHER / ARTIST / PHOTO_EDITOR,"anna texas, front matter, welcome / founder's letter, image, welcome, founder, letter, front, matter, editor",,OPEN,AI CANDIDATES + HUMAN SAVE,true,ANALYTICS-ISSUE-TEMPLATE-P01-FRONT-IMAGE-01
ISSUE-TEMPLATE-P01-FRONT-TEXT-01,3,P01,Welcome / Founder's Letter,TEXT,ARTICLE_OR_COPY,EDITOR LETTER + ISSUE THEME,PRESS_PASS_WRITER / SIERRA_GRACE_EDITOR,"anna texas, front matter, welcome / founder's letter, text, welcome, founder, letter, front, matter, editor",400-800,OPEN,EDITORIAL_SELECTION,false,ANALYTICS-ISSUE-TEMPLATE-P01-FRONT-TEXT-01
ISSUE-TEMPLATE-P01-FRONT-TEXT-02,3,P01,Welcome / Founder's Letter,TEXT,ARTICLE_OR_COPY,MASTHEAD + CONTACTS,PRESS_PASS_WRITER / SIERRA_GRACE_EDITOR,"anna texas, front matter, welcome / founder's letter, text, welcome, founder, letter, front, matter, masthead",150-450,OPEN,VERIFIED_QUERY,false,ANALYTICS-ISSUE-TEMPLATE-P01-FRONT-TEXT-02
ISSUE-TEMPLATE-P01-FRONT-TEXT-03,3,P01,Welcome / Founder's Letter,TEXT,ARTICLE_OR_COPY,MISSION + EDITORIAL FIREWALL,PRESS_PASS_WRITER / SIERRA_GRACE_EDITOR,"anna texas, front matter, welcome / founder's letter, text, welcome, founder, letter, front, matter, mission",400-800,OPEN,EDITORIAL_SELECTION,false,ANALYTICS-ISSUE-TEMPLATE-P01-FRONT-TEXT-03
ISSUE-TEMPLATE-P02-FRONT-IMAGE-01,4,P02,Contents I,IMAGE,PHOTO_OR_ARTWORK,Contents I / FEATURE PREVIEW IMAGE,PRESS_PASS_PHOTOGRAPHER / ARTIST / PHOTO_EDITOR,"anna texas, front matter, contents i, image, contents, front, matter, feature, preview, local photography",,OPEN,AI CANDIDATES + HUMAN SAVE,false,ANALYTICS-ISSUE-TEMPLATE-P02-FRONT-IMAGE-01
ISSUE-TEMPLATE-P02-FRONT-IMAGE-02,4,P02,Contents I,IMAGE,PHOTO_OR_ARTWORK,Contents I / SECONDARY PREVIEW IMAGE,PRESS_PASS_PHOTOGRAPHER / ARTIST / PHOTO_EDITOR,"anna texas, front matter, contents i, image, contents, front, matter, secondary, preview, local photography",,OPEN,AI CANDIDATES + HUMAN SAVE,false,ANALYTICS-ISSUE-TEMPLATE-P02-FRONT-IMAGE-02
ISSUE-TEMPLATE-P02-FRONT-TEXT-01,4,P02,Contents I,TEXT,ARTICLE_OR_COPY,Contents I / RECURRING CONTENT LIST,PRESS_PASS_WRITER / SIERRA_GRACE_EDITOR,"anna texas, front matter, contents i, text, contents, front, matter, recurring, content, local voices",400-800,OPEN,VERIFIED_QUERY,false,ANALYTICS-ISSUE-TEMPLATE-P02-FRONT-TEXT-01
ISSUE-TEMPLATE-P02-FRONT-TEXT-02,4,P02,Contents I,TEXT,ARTICLE_OR_COPY,CONTRIBUTOR + ADVERTISER NAVIGATION,PRESS_PASS_WRITER / SIERRA_GRACE_EDITOR,"anna texas, front matter, contents i, text, contents, front, matter, contributor, advertiser, navigation",400-800,OPEN,VERIFIED_QUERY,false,ANALYTICS-ISSUE-TEMPLATE-P02-FRONT-TEXT-02
ISSUE-TEMPLATE-P03-FRONT-IMAGE-01,5,P03,Contents II,IMAGE,PHOTO_OR_ARTWORK,Contents II / FEATURE PREVIEW IMAGE,PRESS_PASS_PHOTOGRAPHER / ARTIST / PHOTO_EDITOR,"anna texas, front matter, contents ii, image, contents, front, matter, feature, preview, local photography",,OPEN,AI CANDIDATES + HUMAN SAVE,false,ANALYTICS-ISSUE-TEMPLATE-P03-FRONT-IMAGE-01
ISSUE-TEMPLATE-P03-FRONT-IMAGE-02,5,P03,Contents II,IMAGE,PHOTO_OR_ARTWORK,Contents II / SECONDARY PREVIEW IMAGE,PRESS_PASS_PHOTOGRAPHER / ARTIST / PHOTO_EDITOR,"anna texas, front matter, contents ii, image, contents, front, matter, secondary, preview, local photography",,OPEN,AI CANDIDATES + HUMAN SAVE,false,ANALYTICS-ISSUE-TEMPLATE-P03-FRONT-IMAGE-02
ISSUE-TEMPLATE-P03-FRONT-TEXT-01,5,P03,Contents II,TEXT,ARTICLE_OR_COPY,Contents II / RECURRING CONTENT LIST,PRESS_PASS_WRITER / SIERRA_GRACE_EDITOR,"anna texas, front matter, contents ii, text, contents, front, matter, recurring, content, local voices",400-800,OPEN,VERIFIED_QUERY,false,ANALYTICS-ISSUE-TEMPLATE-P03-FRONT-TEXT-01
ISSUE-TEMPLATE-P03-FRONT-TEXT-02,5,P03,Contents II,TEXT,ARTICLE_OR_COPY,CONTRIBUTOR + ADVERTISER NAVIGATION,PRESS_PASS_WRITER / SIERRA_GRACE_EDITOR,"anna texas, front matter, contents ii, text, contents, front, matter, contributor, advertiser, navigation",400-800,OPEN,VERIFIED_QUERY,false,ANALYTICS-ISSUE-TEMPLATE-P03-FRONT-TEXT-02
ISSUE-TEMPLATE-P04-ANNA_NOW-IMAGE-01,6,P04,Anna Now: Opening Pulse,IMAGE,PHOTO_OR_ARTWORK,Anna Now: Opening Pulse / HERO IMAGE,PRESS_PASS_PHOTOGRAPHER / ARTIST / PHOTO_EDITOR,"anna texas, anna now, anna now: opening pulse, image, now, pulse, hero, local photography, visual storytelling",,OPEN,AI CANDIDATES + HUMAN SAVE,false,ANALYTICS-ISSUE-TEMPLATE-P04-ANNA_NOW-IMAGE-01
ISSUE-TEMPLATE-P04-ANNA_NOW-TEXT-01,6,P04,Anna Now: Opening Pulse,TEXT,ARTICLE_OR_COPY,Anna Now: Opening Pulse / KICKER + HEADLINE + DECK,PRESS_PASS_WRITER / SIERRA_GRACE_EDITOR,"anna texas, anna now, anna now: opening pulse, text, now, pulse, kicker, headline, deck, local voices",15-75,OPEN,VERIFIED_QUERY,false,ANALYTICS-ISSUE-TEMPLATE-P04-ANNA_NOW-TEXT-01
ISSUE-TEMPLATE-P04-ANNA_NOW-TEXT-02,6,P04,Anna Now: Opening Pulse,TEXT,ARTICLE_OR_COPY,Anna Now: Opening Pulse / OPENING COPY + BYLINE,PRESS_PASS_WRITER / SIERRA_GRACE_EDITOR,"anna texas, anna now, anna now: opening pulse, text, now, pulse, byline, local voices, reported story",150-450,OPEN,VERIFIED_QUERY,false,ANALYTICS-ISSUE-TEMPLATE-P04-ANNA_NOW-TEXT-02
ISSUE-TEMPLATE-P05-ANNA_NOW-IMAGE-01,7,P05,"Anna Now: Briefs, Numbers & Welcome",IMAGE,PHOTO_OR_ARTWORK,"Anna Now: Briefs, Numbers & Welcome / EDITORIAL IMAGE",PRESS_PASS_PHOTOGRAPHER / ARTIST / PHOTO_EDITOR,"anna texas, anna now, anna now: briefs, numbers & welcome, image, now, briefs, numbers, welcome, local photography, visual storytelling",,OPEN,AI CANDIDATES + HUMAN SAVE,false,ANALYTICS-ISSUE-TEMPLATE-P05-ANNA_NOW-IMAGE-01
ISSUE-TEMPLATE-P05-ANNA_NOW-TEXT-01,7,P05,"Anna Now: Briefs, Numbers & Welcome",TEXT,ARTICLE_OR_COPY,"Anna Now: Briefs, Numbers & Welcome / EDITORIAL TEXT",PRESS_PASS_WRITER / SIERRA_GRACE_EDITOR,"anna texas, anna now, anna now: briefs, numbers & welcome, text, now, briefs, numbers, welcome, local voices, reported story",150-450,OPEN,VERIFIED_QUERY,false,ANALYTICS-ISSUE-TEMPLATE-P05-ANNA_NOW-TEXT-01
ISSUE-TEMPLATE-P05-ANNA_NOW-TEXT-02,7,P05,"Anna Now: Briefs, Numbers & Welcome",TEXT,ARTICLE_OR_COPY,"Anna Now: Briefs, Numbers & Welcome / CAPTION + SERVICE INFO",PRESS_PASS_WRITER / SIERRA_GRACE_EDITOR,"anna texas, anna now, anna now: briefs, numbers & welcome, text, now, briefs, numbers, welcome, caption, service",100-350,OPEN,VERIFIED_QUERY,false,ANALYTICS-ISSUE-TEMPLATE-P05-ANNA_NOW-TEXT-02
ISSUE-TEMPLATE-P05-HALF-01,7,P05,"Anna Now: Briefs, Numbers & Welcome",AD,AD,HALF / AD_HALF,PRESS_PASS_WRITER / SIERRA_GRACE_EDITOR,"anna texas, anna now, anna now: briefs, numbers & welcome, ad, now, briefs, numbers, welcome, half, local business",,DRAFT_ADMIN_REVIEW,PAID_PLACEMENT,false,ANALYTICS-ISSUE-TEMPLATE-P05-HALF-01
ISSUE-TEMPLATE-P06-ASK_SIERRA-DATA-01,8,P06,Ask Sierra: Most-Asked Questions,DATA,VERIFIED_DATA_OR_GRAPHIC,"Ask Sierra: Most-Asked Questions / MAP, CHART OR CHECKLIST",PRESS_PASS_WRITER / SIERRA_GRACE_EDITOR,"anna texas, ask sierra, ask sierra: most-asked questions, data, ask, sierra, most-asked, questions, map, chart",,OPEN,MOST_ASKED_FREQUENCY,false,ANALYTICS-ISSUE-TEMPLATE-P06-ASK_SIERRA-DATA-01
ISSUE-TEMPLATE-P06-ASK_SIERRA-TEXT-01,8,P06,Ask Sierra: Most-Asked Questions,TEXT,ARTICLE_OR_COPY,Ask Sierra: Most-Asked Questions / EXPLAINER,PRESS_PASS_WRITER / SIERRA_GRACE_EDITOR,"anna texas, ask sierra, ask sierra: most-asked questions, text, ask, sierra, most-asked, questions, explainer, local voices",150-450,OPEN,MOST_ASKED_FREQUENCY,false,ANALYTICS-ISSUE-TEMPLATE-P06-ASK_SIERRA-TEXT-01
ISSUE-TEMPLATE-P06-ASK_SIERRA-TEXT-02,8,P06,Ask Sierra: Most-Asked Questions,TEXT,ARTICLE_OR_COPY,Ask Sierra: Most-Asked Questions / RESOURCE LIST,PRESS_PASS_WRITER / SIERRA_GRACE_EDITOR,"anna texas, ask sierra, ask sierra: most-asked questions, text, ask, sierra, most-asked, questions, resource, local voices",100-350,OPEN,MOST_ASKED_FREQUENCY,false,ANALYTICS-ISSUE-TEMPLATE-P06-ASK_SIERRA-TEXT-02
ISSUE-TEMPLATE-P07-ASK_SIERRA-IMAGE-01,9,P07,Ask Sierra: Letters to the Editor,IMAGE,PHOTO_OR_ARTWORK,Ask Sierra: Letters to the Editor / EDITORIAL IMAGE,PRESS_PASS_PHOTOGRAPHER / ARTIST / PHOTO_EDITOR,"anna texas, ask sierra, ask sierra: letters to the editor, image, ask, sierra, letters, editor, local photography, visual storytelling",,OPEN,AI CANDIDATES + HUMAN SAVE,true,ANALYTICS-ISSUE-TEMPLATE-P07-ASK_SIERRA-IMAGE-01
ISSUE-TEMPLATE-P07-ASK_SIERRA-TEXT-01,9,P07,Ask Sierra: Letters to the Editor,TEXT,ARTICLE_OR_COPY,Ask Sierra: Letters to the Editor / EDITORIAL TEXT,PRESS_PASS_WRITER / SIERRA_GRACE_EDITOR,"anna texas, ask sierra, ask sierra: letters to the editor, text, ask, sierra, letters, editor, local voices, reported story",150-450,OPEN,EDITORIAL_SELECTION,true,ANALYTICS-ISSUE-TEMPLATE-P07-ASK_SIERRA-TEXT-01
ISSUE-TEMPLATE-P07-ASK_SIERRA-TEXT-02,9,P07,Ask Sierra: Letters to the Editor,TEXT,ARTICLE_OR_COPY,Ask Sierra: Letters to the Editor / CAPTION + SERVICE INFO,PRESS_PASS_WRITER / SIERRA_GRACE_EDITOR,"anna texas, ask sierra, ask sierra: letters to the editor, text, ask, sierra, letters, editor, caption, service",100-350,OPEN,EDITORIAL_SELECTION,true,ANALYTICS-ISSUE-TEMPLATE-P07-ASK_SIERRA-TEXT-02
ISSUE-TEMPLATE-P07-THIRD_VERTICAL-01,9,P07,Ask Sierra: Letters to the Editor,AD,AD,THIRD_VERTICAL / AD_THIRD_VERTICAL,PRESS_PASS_WRITER / SIERRA_GRACE_EDITOR,"anna texas, ask sierra, ask sierra: letters to the editor, ad, ask, sierra, letters, editor, third, vertical",,DRAFT_ADMIN_REVIEW,PAID_PLACEMENT,false,ANALYTICS-ISSUE-TEMPLATE-P07-THIRD_VERTICAL-01
ISSUE-TEMPLATE-P08-SURVEY-DATA-01,10,P08,Survey Says: This Month's #1 Rankings,DATA,VERIFIED_DATA_OR_GRAPHIC,"Survey Says: This Month's #1 Rankings / MAP, CHART OR CHECKLIST",PRESS_PASS_WRITER / SIERRA_GRACE_EDITOR,"anna texas, survey says, survey says: this month's #1 rankings, data, survey, says, month, rankings, map, chart",,OPEN,VERIFIED_QUERY,false,ANALYTICS-ISSUE-TEMPLATE-P08-SURVEY-DATA-01
ISSUE-TEMPLATE-P08-SURVEY-TEXT-01,10,P08,Survey Says: This Month's #1 Rankings,TEXT,ARTICLE_OR_COPY,Survey Says: This Month's #1 Rankings / EXPLAINER,PRESS_PASS_WRITER / SIERRA_GRACE_EDITOR,"anna texas, survey says, survey says: this month's #1 rankings, text, survey, says, month, rankings, explainer, local voices",150-450,OPEN,VERIFIED_QUERY,false,ANALYTICS-ISSUE-TEMPLATE-P08-SURVEY-TEXT-01
ISSUE-TEMPLATE-P08-SURVEY-TEXT-02,10,P08,Survey Says: This Month's #1 Rankings,TEXT,ARTICLE_OR_COPY,Survey Says: This Month's #1 Rankings / RESOURCE LIST,PRESS_PASS_WRITER / SIERRA_GRACE_EDITOR,"anna texas, survey says, survey says: this month's #1 rankings, text, survey, says, month, rankings, resource, local voices",100-350,OPEN,VERIFIED_QUERY,false,ANALYTICS-ISSUE-TEMPLATE-P08-SURVEY-TEXT-02
ISSUE-TEMPLATE-P09-QUARTER-01,11,P09,Survey Says: Results & Reader Offers,AD,AD,QUARTER / AD_QUARTER,PRESS_PASS_WRITER / SIERRA_GRACE_EDITOR,"anna texas, survey says, survey says: results & reader offers, ad, survey, says, results, reader, offers, quarter",,DRAFT_ADMIN_REVIEW,PAID_PLACEMENT,false,ANALYTICS-ISSUE-TEMPLATE-P09-QUARTER-01
ISSUE-TEMPLATE-P09-QUARTER-02,11,P09,Survey Says: Results & Reader Offers,AD,AD,QUARTER / AD_QUARTER,PRESS_PASS_WRITER / SIERRA_GRACE_EDITOR,"anna texas, survey says, survey says: results & reader offers, ad, survey, says, results, reader, offers, quarter",,DRAFT_ADMIN_REVIEW,PAID_PLACEMENT,false,ANALYTICS-ISSUE-TEMPLATE-P09-QUARTER-02
ISSUE-TEMPLATE-P09-SURVEY-IMAGE-01,11,P09,Survey Says: Results & Reader Offers,IMAGE,PHOTO_OR_ARTWORK,Survey Says: Results & Reader Offers / EDITORIAL IMAGE,PRESS_PASS_PHOTOGRAPHER / ARTIST / PHOTO_EDITOR,"anna texas, survey says, survey says: results & reader offers, image, survey, says, results, reader, offers, local photography",,OPEN,AI CANDIDATES + HUMAN SAVE,false,ANALYTICS-ISSUE-TEMPLATE-P09-SURVEY-IMAGE-01
ISSUE-TEMPLATE-P09-SURVEY-TEXT-01,11,P09,Survey Says: Results & Reader Offers,TEXT,ARTICLE_OR_COPY,Survey Says: Results & Reader Offers / EDITORIAL TEXT,PRESS_PASS_WRITER / SIERRA_GRACE_EDITOR,"anna texas, survey says, survey says: results & reader offers, text, survey, says, results, reader, offers, local voices",150-450,OPEN,VERIFIED_QUERY,false,ANALYTICS-ISSUE-TEMPLATE-P09-SURVEY-TEXT-01
ISSUE-TEMPLATE-P09-SURVEY-TEXT-02,11,P09,Survey Says: Results & Reader Offers,TEXT,ARTICLE_OR_COPY,Survey Says: Results & Reader Offers / LISTINGS OR CAPTIONS,PRESS_PASS_WRITER / SIERRA_GRACE_EDITOR,"anna texas, survey says, survey says: results & reader offers, text, survey, says, results, reader, offers, listings",150-450,OPEN,VERIFIED_QUERY,false,ANALYTICS-ISSUE-TEMPLATE-P09-SURVEY-TEXT-02
ISSUE-TEMPLATE-P10-COVER_STORY-IMAGE-01,12,P10,Cover Story: Opening,IMAGE,PHOTO_OR_ARTWORK,Cover Story: Opening / HERO IMAGE,PRESS_PASS_PHOTOGRAPHER / ARTIST / PHOTO_EDITOR,"anna texas, the cover story, cover story: opening, image, cover, hero, local photography, visual storytelling",,OPEN,AI CANDIDATES + HUMAN SAVE,true,ANALYTICS-ISSUE-TEMPLATE-P10-COVER_STORY-IMAGE-01
ISSUE-TEMPLATE-P10-COVER_STORY-TEXT-01,12,P10,Cover Story: Opening,TEXT,ARTICLE_OR_COPY,Cover Story: Opening / KICKER + HEADLINE + DECK,PRESS_PASS_WRITER / SIERRA_GRACE_EDITOR,"anna texas, the cover story, cover story: opening, text, cover, kicker, headline, deck, local voices, reported story",15-75,OPEN,EDITORIAL_SELECTION,true,ANALYTICS-ISSUE-TEMPLATE-P10-COVER_STORY-TEXT-01
ISSUE-TEMPLATE-P10-COVER_STORY-TEXT-02,12,P10,Cover Story: Opening,TEXT,ARTICLE_OR_COPY,Cover Story: Opening / OPENING COPY + BYLINE,PRESS_PASS_WRITER / SIERRA_GRACE_EDITOR,"anna texas, the cover story, cover story: opening, text, cover, byline, local voices, reported story",150-450,OPEN,EDITORIAL_SELECTION,true,ANALYTICS-ISSUE-TEMPLATE-P10-COVER_STORY-TEXT-02
ISSUE-TEMPLATE-P11-COVER_STORY-CAPTION-01,13,P11,Cover Story: Photo Essay,CAPTION,CAPTION_AND_CREDIT,Cover Story: Photo Essay / CAPTION BLOCK,PRESS_PASS_WRITER / SIERRA_GRACE_EDITOR,"anna texas, the cover story, cover story: photo essay, caption, cover, essay, block, attribution",20-80,OPEN,EDITORIAL_SELECTION,true,ANALYTICS-ISSUE-TEMPLATE-P11-COVER_STORY-CAPTION-01
ISSUE-TEMPLATE-P11-COVER_STORY-IMAGE-01,13,P11,Cover Story: Photo Essay,IMAGE,PHOTO_OR_ARTWORK,Cover Story: Photo Essay / PRIMARY PHOTO,PRESS_PASS_PHOTOGRAPHER / ARTIST / PHOTO_EDITOR,"anna texas, the cover story, cover story: photo essay, image, cover, essay, primary, local photography, visual storytelling",,OPEN,AI CANDIDATES + HUMAN SAVE,true,ANALYTICS-ISSUE-TEMPLATE-P11-COVER_STORY-IMAGE-01
ISSUE-TEMPLATE-P11-COVER_STORY-IMAGE-02,13,P11,Cover Story: Photo Essay,IMAGE,PHOTO_OR_ARTWORK,Cover Story: Photo Essay / DETAIL PHOTO,PRESS_PASS_PHOTOGRAPHER / ARTIST / PHOTO_EDITOR,"anna texas, the cover story, cover story: photo essay, image, cover, essay, detail, local photography, visual storytelling",,OPEN,AI CANDIDATES + HUMAN SAVE,true,ANALYTICS-ISSUE-TEMPLATE-P11-COVER_STORY-IMAGE-02
ISSUE-TEMPLATE-P11-COVER_STORY-IMAGE-03,13,P11,Cover Story: Photo Essay,IMAGE,PHOTO_OR_ARTWORK,Cover Story: Photo Essay / CONTEXT PHOTO,PRESS_PASS_PHOTOGRAPHER / ARTIST / PHOTO_EDITOR,"anna texas, the cover story, cover story: photo essay, image, cover, essay, context, local photography, visual storytelling",,OPEN,AI CANDIDATES + HUMAN SAVE,true,ANALYTICS-ISSUE-TEMPLATE-P11-COVER_STORY-IMAGE-03
ISSUE-TEMPLATE-P11-COVER_STORY-TEXT-01,13,P11,Cover Story: Photo Essay,TEXT,ARTICLE_OR_COPY,Cover Story: Photo Essay / NARRATIVE + CREDITS,PRESS_PASS_WRITER / SIERRA_GRACE_EDITOR,"anna texas, the cover story, cover story: photo essay, text, cover, essay, narrative, credits, local voices, reported story",150-450,OPEN,EDITORIAL_SELECTION,true,ANALYTICS-ISSUE-TEMPLATE-P11-COVER_STORY-TEXT-01
ISSUE-TEMPLATE-P12-COVER_STORY-CAPTION-01,14,P12,Cover Story: Reporting,CAPTION,CAPTION_AND_CREDIT,Cover Story: Reporting / CAPTION + CREDIT,PRESS_PASS_WRITER / SIERRA_GRACE_EDITOR,"anna texas, the cover story, cover story: reporting, caption, cover, reporting, credit, attribution",20-80,OPEN,EDITORIAL_SELECTION,true,ANALYTICS-ISSUE-TEMPLATE-P12-COVER_STORY-CAPTION-01
ISSUE-TEMPLATE-P12-COVER_STORY-IMAGE-01,14,P12,Cover Story: Reporting,IMAGE,PHOTO_OR_ARTWORK,Cover Story: Reporting / LEAD IMAGE,PRESS_PASS_PHOTOGRAPHER / ARTIST / PHOTO_EDITOR,"anna texas, the cover story, cover story: reporting, image, cover, reporting, lead, local photography, visual storytelling",,OPEN,AI CANDIDATES + HUMAN SAVE,true,ANALYTICS-ISSUE-TEMPLATE-P12-COVER_STORY-IMAGE-01
ISSUE-TEMPLATE-P12-COVER_STORY-TEXT-01,14,P12,Cover Story: Reporting,TEXT,ARTICLE_OR_COPY,Cover Story: Reporting / BODY + SIDEBAR,PRESS_PASS_WRITER / SIERRA_GRACE_EDITOR,"anna texas, the cover story, cover story: reporting, text, cover, reporting, sidebar, local voices, reported story",400-800,OPEN,EDITORIAL_SELECTION,true,ANALYTICS-ISSUE-TEMPLATE-P12-COVER_STORY-TEXT-01
ISSUE-TEMPLATE-P13-COVER_STORY-IMAGE-01,15,P13,Cover Story: Interview,IMAGE,PHOTO_OR_ARTWORK,Cover Story: Interview / PORTRAIT OR PROCESS,PRESS_PASS_PHOTOGRAPHER / ARTIST / PHOTO_EDITOR,"anna texas, the cover story, cover story: interview, image, cover, interview, portrait, process, local photography, visual storytelling",,OPEN,AI CANDIDATES + HUMAN SAVE,true,ANALYTICS-ISSUE-TEMPLATE-P13-COVER_STORY-IMAGE-01
ISSUE-TEMPLATE-P13-COVER_STORY-TEXT-01,15,P13,Cover Story: Interview,TEXT,ARTICLE_OR_COPY,Cover Story: Interview / Q&A COLUMN A,PRESS_PASS_WRITER / SIERRA_GRACE_EDITOR,"anna texas, the cover story, cover story: interview, text, cover, interview, column, local voices, reported story","700-1,200",OPEN,EDITORIAL_SELECTION,true,ANALYTICS-ISSUE-TEMPLATE-P13-COVER_STORY-TEXT-01
ISSUE-TEMPLATE-P13-COVER_STORY-TEXT-02,15,P13,Cover Story: Interview,TEXT,ARTICLE_OR_COPY,Cover Story: Interview / Q&A COLUMN B + PULLQUOTE,PRESS_PASS_WRITER / SIERRA_GRACE_EDITOR,"anna texas, the cover story, cover story: interview, text, cover, interview, column, pullquote, local voices, reported story",400-800,OPEN,EDITORIAL_SELECTION,true,ANALYTICS-ISSUE-TEMPLATE-P13-COVER_STORY-TEXT-02
ISSUE-TEMPLATE-P14-COVER_STORY-CAPTION-01,16,P14,Cover Story: Meaning & Context,CAPTION,CAPTION_AND_CREDIT,Cover Story: Meaning & Context / CAPTION + CREDIT,PRESS_PASS_WRITER / SIERRA_GRACE_EDITOR,"anna texas, the cover story, cover story: meaning & context, caption, cover, meaning, context, credit, attribution",20-80,OPEN,EDITORIAL_SELECTION,true,ANALYTICS-ISSUE-TEMPLATE-P14-COVER_STORY-CAPTION-01
ISSUE-TEMPLATE-P14-COVER_STORY-IMAGE-01,16,P14,Cover Story: Meaning & Context,IMAGE,PHOTO_OR_ARTWORK,Cover Story: Meaning & Context / LEAD IMAGE,PRESS_PASS_PHOTOGRAPHER / ARTIST / PHOTO_EDITOR,"anna texas, the cover story, cover story: meaning & context, image, cover, meaning, context, lead, local photography, visual storytelling",,OPEN,AI CANDIDATES + HUMAN SAVE,true,ANALYTICS-ISSUE-TEMPLATE-P14-COVER_STORY-IMAGE-01
ISSUE-TEMPLATE-P14-COVER_STORY-TEXT-01,16,P14,Cover Story: Meaning & Context,TEXT,ARTICLE_OR_COPY,Cover Story: Meaning & Context / BODY + SIDEBAR,PRESS_PASS_WRITER / SIERRA_GRACE_EDITOR,"anna texas, the cover story, cover story: meaning & context, text, cover, meaning, context, sidebar, local voices, reported story",400-800,OPEN,EDITORIAL_SELECTION,true,ANALYTICS-ISSUE-TEMPLATE-P14-COVER_STORY-TEXT-01
ISSUE-TEMPLATE-P15-FULL-01,17,P15,Cover Story Partner,AD,AD,FULL / AD_FULL,PRESS_PASS_WRITER / SIERRA_GRACE_EDITOR,"anna texas, the cover story, cover story partner, ad, cover, partner, full, local business, sponsor",,DRAFT_ADMIN_REVIEW,PAID_PLACEMENT,false,ANALYTICS-ISSUE-TEMPLATE-P15-FULL-01
ISSUE-TEMPLATE-P16-FACES-IMAGE-01,18,P16,Faces & Stories: Opening Portrait,IMAGE,PHOTO_OR_ARTWORK,Faces & Stories: Opening Portrait / HERO IMAGE,PRESS_PASS_PHOTOGRAPHER / ARTIST / PHOTO_EDITOR,"anna texas, faces & stories of anna, faces & stories: opening portrait, image, faces, stories, portrait, hero, local photography, visual storytelling",,OPEN,AI CANDIDATES + HUMAN SAVE,true,ANALYTICS-ISSUE-TEMPLATE-P16-FACES-IMAGE-01
ISSUE-TEMPLATE-P16-FACES-TEXT-01,18,P16,Faces & Stories: Opening Portrait,TEXT,ARTICLE_OR_COPY,Faces & Stories: Opening Portrait / KICKER + HEADLINE + DECK,PRESS_PASS_WRITER / SIERRA_GRACE_EDITOR,"anna texas, faces & stories of anna, faces & stories: opening portrait, text, faces, stories, portrait, kicker, headline, deck",15-75,OPEN,EDITORIAL_SELECTION,true,ANALYTICS-ISSUE-TEMPLATE-P16-FACES-TEXT-01
ISSUE-TEMPLATE-P16-FACES-TEXT-02,18,P16,Faces & Stories: Opening Portrait,TEXT,ARTICLE_OR_COPY,Faces & Stories: Opening Portrait / OPENING COPY + BYLINE,PRESS_PASS_WRITER / SIERRA_GRACE_EDITOR,"anna texas, faces & stories of anna, faces & stories: opening portrait, text, faces, stories, portrait, byline, local voices, reported story",150-450,OPEN,EDITORIAL_SELECTION,true,ANALYTICS-ISSUE-TEMPLATE-P16-FACES-TEXT-02
ISSUE-TEMPLATE-P17-FACES-IMAGE-01,19,P17,Faces & Stories: Interview,IMAGE,PHOTO_OR_ARTWORK,Faces & Stories: Interview / PORTRAIT OR PROCESS,PRESS_PASS_PHOTOGRAPHER / ARTIST / PHOTO_EDITOR,"anna texas, faces & stories of anna, faces & stories: interview, image, faces, stories, interview, portrait, process, local photography",,OPEN,AI CANDIDATES + HUMAN SAVE,true,ANALYTICS-ISSUE-TEMPLATE-P17-FACES-IMAGE-01
ISSUE-TEMPLATE-P17-FACES-TEXT-01,19,P17,Faces & Stories: Interview,TEXT,ARTICLE_OR_COPY,Faces & Stories: Interview / Q&A COLUMN A,PRESS_PASS_WRITER / SIERRA_GRACE_EDITOR,"anna texas, faces & stories of anna, faces & stories: interview, text, faces, stories, interview, column, local voices, reported story","700-1,200",OPEN,EDITORIAL_SELECTION,true,ANALYTICS-ISSUE-TEMPLATE-P17-FACES-TEXT-01
ISSUE-TEMPLATE-P17-FACES-TEXT-02,19,P17,Faces & Stories: Interview,TEXT,ARTICLE_OR_COPY,Faces & Stories: Interview / Q&A COLUMN B + PULLQUOTE,PRESS_PASS_WRITER / SIERRA_GRACE_EDITOR,"anna texas, faces & stories of anna, faces & stories: interview, text, faces, stories, interview, column, pullquote, local voices",400-800,OPEN,EDITORIAL_SELECTION,true,ANALYTICS-ISSUE-TEMPLATE-P17-FACES-TEXT-02
ISSUE-TEMPLATE-P17-THIRD_VERTICAL-02,19,P17,Faces & Stories: Interview,AD,AD,THIRD_VERTICAL / AD_THIRD_VERTICAL,PRESS_PASS_WRITER / SIERRA_GRACE_EDITOR,"anna texas, faces & stories of anna, faces & stories: interview, ad, faces, stories, interview, third, vertical, local business",,DRAFT_ADMIN_REVIEW,PAID_PLACEMENT,false,ANALYTICS-ISSUE-TEMPLATE-P17-THIRD_VERTICAL-02
ISSUE-TEMPLATE-P18-FACES-CAPTION-01,20,P18,Faces of Anna: Approved Import,CAPTION,CAPTION_AND_CREDIT,Faces of Anna: Approved Import / CAPTION + CREDIT,PRESS_PASS_WRITER / SIERRA_GRACE_EDITOR,"anna texas, faces & stories of anna, faces of anna: approved import, caption, faces, approved, import, stories, credit, attribution",20-80,OPEN,VERIFIED_QUERY,false,ANALYTICS-ISSUE-TEMPLATE-P18-FACES-CAPTION-01
ISSUE-TEMPLATE-P18-FACES-IMAGE-01,20,P18,Faces of Anna: Approved Import,IMAGE,PHOTO_OR_ARTWORK,Faces of Anna: Approved Import / LEAD IMAGE,PRESS_PASS_PHOTOGRAPHER / ARTIST / PHOTO_EDITOR,"anna texas, faces & stories of anna, faces of anna: approved import, image, faces, approved, import, stories, lead, local photography",,OPEN,AI CANDIDATES + HUMAN SAVE,false,ANALYTICS-ISSUE-TEMPLATE-P18-FACES-IMAGE-01
ISSUE-TEMPLATE-P18-FACES-TEXT-01,20,P18,Faces of Anna: Approved Import,TEXT,ARTICLE_OR_COPY,Faces of Anna: Approved Import / BODY + SIDEBAR,PRESS_PASS_WRITER / SIERRA_GRACE_EDITOR,"anna texas, faces & stories of anna, faces of anna: approved import, text, faces, approved, import, stories, sidebar, local voices",400-800,OPEN,VERIFIED_QUERY,false,ANALYTICS-ISSUE-TEMPLATE-P18-FACES-TEXT-01
ISSUE-TEMPLATE-P19-FACES-IMAGE-01,21,P19,Faces & Stories: Community Notes,IMAGE,PHOTO_OR_ARTWORK,Faces & Stories: Community Notes / EDITORIAL IMAGE,PRESS_PASS_PHOTOGRAPHER / ARTIST / PHOTO_EDITOR,"anna texas, faces & stories of anna, faces & stories: community notes, image, faces, stories, notes, local photography, visual storytelling",,OPEN,AI CANDIDATES + HUMAN SAVE,true,ANALYTICS-ISSUE-TEMPLATE-P19-FACES-IMAGE-01
ISSUE-TEMPLATE-P19-FACES-TEXT-01,21,P19,Faces & Stories: Community Notes,TEXT,ARTICLE_OR_COPY,Faces & Stories: Community Notes / EDITORIAL TEXT,PRESS_PASS_WRITER / SIERRA_GRACE_EDITOR,"anna texas, faces & stories of anna, faces & stories: community notes, text, faces, stories, notes, local voices, reported story",150-450,OPEN,EDITORIAL_SELECTION,true,ANALYTICS-ISSUE-TEMPLATE-P19-FACES-TEXT-01
ISSUE-TEMPLATE-P19-FACES-TEXT-02,21,P19,Faces & Stories: Community Notes,TEXT,ARTICLE_OR_COPY,Faces & Stories: Community Notes / CAPTION + SERVICE INFO,PRESS_PASS_WRITER / SIERRA_GRACE_EDITOR,"anna texas, faces & stories of anna, faces & stories: community notes, text, faces, stories, notes, caption, service, info",100-350,OPEN,EDITORIAL_SELECTION,true,ANALYTICS-ISSUE-TEMPLATE-P19-FACES-TEXT-02
ISSUE-TEMPLATE-P19-HALF-02,21,P19,Faces & Stories: Community Notes,AD,AD,HALF / AD_HALF,PRESS_PASS_WRITER / SIERRA_GRACE_EDITOR,"anna texas, faces & stories of anna, faces & stories: community notes, ad, faces, stories, notes, half, local business, sponsor",,DRAFT_ADMIN_REVIEW,PAID_PLACEMENT,false,ANALYTICS-ISSUE-TEMPLATE-P19-HALF-02
ISSUE-TEMPLATE-P20-KIND_DEEDS-IMAGE-01,22,P20,Kind Deeds: Opening,IMAGE,PHOTO_OR_ARTWORK,Kind Deeds: Opening / HERO IMAGE,PRESS_PASS_PHOTOGRAPHER / ARTIST / PHOTO_EDITOR,"anna texas, kind deeds & nonprofits, kind deeds: opening, image, kind, deeds, nonprofits, hero, local photography, visual storytelling",,OPEN,AI CANDIDATES + HUMAN SAVE,false,ANALYTICS-ISSUE-TEMPLATE-P20-KIND_DEEDS-IMAGE-01
ISSUE-TEMPLATE-P20-KIND_DEEDS-TEXT-01,22,P20,Kind Deeds: Opening,TEXT,ARTICLE_OR_COPY,Kind Deeds: Opening / KICKER + HEADLINE + DECK,PRESS_PASS_WRITER / SIERRA_GRACE_EDITOR,"anna texas, kind deeds & nonprofits, kind deeds: opening, text, kind, deeds, nonprofits, kicker, headline, deck",15-75,OPEN,VERIFIED_QUERY,false,ANALYTICS-ISSUE-TEMPLATE-P20-KIND_DEEDS-TEXT-01
ISSUE-TEMPLATE-P20-KIND_DEEDS-TEXT-02,22,P20,Kind Deeds: Opening,TEXT,ARTICLE_OR_COPY,Kind Deeds: Opening / OPENING COPY + BYLINE,PRESS_PASS_WRITER / SIERRA_GRACE_EDITOR,"anna texas, kind deeds & nonprofits, kind deeds: opening, text, kind, deeds, nonprofits, byline, local voices, reported story",150-450,OPEN,VERIFIED_QUERY,false,ANALYTICS-ISSUE-TEMPLATE-P20-KIND_DEEDS-TEXT-02
ISSUE-TEMPLATE-P21-KIND_DEEDS-IMAGE-01,23,P21,Kind Deeds: How Anna Helps,IMAGE,PHOTO_OR_ARTWORK,Kind Deeds: How Anna Helps / EDITORIAL IMAGE,PRESS_PASS_PHOTOGRAPHER / ARTIST / PHOTO_EDITOR,"anna texas, kind deeds & nonprofits, kind deeds: how anna helps, image, kind, deeds, how, helps, nonprofits, local photography",,OPEN,AI CANDIDATES + HUMAN SAVE,false,ANALYTICS-ISSUE-TEMPLATE-P21-KIND_DEEDS-IMAGE-01
ISSUE-TEMPLATE-P21-KIND_DEEDS-TEXT-01,23,P21,Kind Deeds: How Anna Helps,TEXT,ARTICLE_OR_COPY,Kind Deeds: How Anna Helps / EDITORIAL TEXT,PRESS_PASS_WRITER / SIERRA_GRACE_EDITOR,"anna texas, kind deeds & nonprofits, kind deeds: how anna helps, text, kind, deeds, how, helps, nonprofits, local voices",150-450,OPEN,VERIFIED_QUERY,false,ANALYTICS-ISSUE-TEMPLATE-P21-KIND_DEEDS-TEXT-01
ISSUE-TEMPLATE-P21-KIND_DEEDS-TEXT-02,23,P21,Kind Deeds: How Anna Helps,TEXT,ARTICLE_OR_COPY,Kind Deeds: How Anna Helps / LISTINGS OR CAPTIONS,PRESS_PASS_WRITER / SIERRA_GRACE_EDITOR,"anna texas, kind deeds & nonprofits, kind deeds: how anna helps, text, kind, deeds, how, helps, nonprofits, listings",150-450,OPEN,VERIFIED_QUERY,false,ANALYTICS-ISSUE-TEMPLATE-P21-KIND_DEEDS-TEXT-02
ISSUE-TEMPLATE-P21-QUARTER-03,23,P21,Kind Deeds: How Anna Helps,AD,AD,QUARTER / AD_QUARTER,PRESS_PASS_WRITER / SIERRA_GRACE_EDITOR,"anna texas, kind deeds & nonprofits, kind deeds: how anna helps, ad, kind, deeds, how, helps, nonprofits, quarter",,DRAFT_ADMIN_REVIEW,PAID_PLACEMENT,false,ANALYTICS-ISSUE-TEMPLATE-P21-QUARTER-03
ISSUE-TEMPLATE-P21-QUARTER-04,23,P21,Kind Deeds: How Anna Helps,AD,AD,QUARTER / AD_QUARTER,PRESS_PASS_WRITER / SIERRA_GRACE_EDITOR,"anna texas, kind deeds & nonprofits, kind deeds: how anna helps, ad, kind, deeds, how, helps, nonprofits, quarter",,DRAFT_ADMIN_REVIEW,PAID_PLACEMENT,false,ANALYTICS-ISSUE-TEMPLATE-P21-QUARTER-04
ISSUE-TEMPLATE-P22-KIND_DEEDS-IMAGE-01,24,P22,Nonprofit of the Month,IMAGE,PHOTO_OR_ARTWORK,Nonprofit of the Month / PORTRAIT OR PROCESS,PRESS_PASS_PHOTOGRAPHER / ARTIST / PHOTO_EDITOR,"anna texas, kind deeds & nonprofits, nonprofit of the month, image, nonprofit, month, kind, deeds, nonprofits, portrait",,OPEN,AI CANDIDATES + HUMAN SAVE,true,ANALYTICS-ISSUE-TEMPLATE-P22-KIND_DEEDS-IMAGE-01
ISSUE-TEMPLATE-P22-KIND_DEEDS-TEXT-01,24,P22,Nonprofit of the Month,TEXT,ARTICLE_OR_COPY,Nonprofit of the Month / Q&A COLUMN A,PRESS_PASS_WRITER / SIERRA_GRACE_EDITOR,"anna texas, kind deeds & nonprofits, nonprofit of the month, text, nonprofit, month, kind, deeds, nonprofits, column","700-1,200",OPEN,INVITATION_ONLY_RANDOMIZER,true,ANALYTICS-ISSUE-TEMPLATE-P22-KIND_DEEDS-TEXT-01
ISSUE-TEMPLATE-P22-KIND_DEEDS-TEXT-02,24,P22,Nonprofit of the Month,TEXT,ARTICLE_OR_COPY,Nonprofit of the Month / Q&A COLUMN B + PULLQUOTE,PRESS_PASS_WRITER / SIERRA_GRACE_EDITOR,"anna texas, kind deeds & nonprofits, nonprofit of the month, text, nonprofit, month, kind, deeds, nonprofits, column",400-800,OPEN,INVITATION_ONLY_RANDOMIZER,true,ANALYTICS-ISSUE-TEMPLATE-P22-KIND_DEEDS-TEXT-02
ISSUE-TEMPLATE-P23-FULL-02,25,P23,Kind Deeds Partner,AD,AD,FULL / AD_FULL,PRESS_PASS_WRITER / SIERRA_GRACE_EDITOR,"anna texas, kind deeds & nonprofits, kind deeds partner, ad, kind, deeds, partner, nonprofits, full, local business",,DRAFT_ADMIN_REVIEW,PAID_PLACEMENT,false,ANALYTICS-ISSUE-TEMPLATE-P23-FULL-02
ISSUE-TEMPLATE-P24-CITY-IMAGE-01,26,P24,City & Growth: Opening,IMAGE,PHOTO_OR_ARTWORK,City & Growth: Opening / HERO IMAGE,PRESS_PASS_PHOTOGRAPHER / ARTIST / PHOTO_EDITOR,"anna texas, city, growth & leadership, city & growth: opening, image, city, growth, leadership, hero, local photography, visual storytelling",,OPEN,AI CANDIDATES + HUMAN SAVE,false,ANALYTICS-ISSUE-TEMPLATE-P24-CITY-IMAGE-01
ISSUE-TEMPLATE-P24-CITY-TEXT-01,26,P24,City & Growth: Opening,TEXT,ARTICLE_OR_COPY,City & Growth: Opening / KICKER + HEADLINE + DECK,PRESS_PASS_WRITER / SIERRA_GRACE_EDITOR,"anna texas, city, growth & leadership, city & growth: opening, text, city, growth, leadership, kicker, headline, deck",15-75,OPEN,VERIFIED_QUERY,false,ANALYTICS-ISSUE-TEMPLATE-P24-CITY-TEXT-01
ISSUE-TEMPLATE-P24-CITY-TEXT-02,26,P24,City & Growth: Opening,TEXT,ARTICLE_OR_COPY,City & Growth: Opening / OPENING COPY + BYLINE,PRESS_PASS_WRITER / SIERRA_GRACE_EDITOR,"anna texas, city, growth & leadership, city & growth: opening, text, city, growth, leadership, byline, local voices, reported story",150-450,OPEN,VERIFIED_QUERY,false,ANALYTICS-ISSUE-TEMPLATE-P24-CITY-TEXT-02
ISSUE-TEMPLATE-P25-CITY-DATA-01,27,P25,"City & Growth: Map, Numbers & Sources",DATA,VERIFIED_DATA_OR_GRAPHIC,"City & Growth: Map, Numbers & Sources / MAP, CHART OR CHECKLIST",PRESS_PASS_WRITER / SIERRA_GRACE_EDITOR,"anna texas, city, growth & leadership, city & growth: map, numbers & sources, data, city, growth, map, numbers, sources, leadership",,OPEN,VERIFIED_QUERY,false,ANALYTICS-ISSUE-TEMPLATE-P25-CITY-DATA-01
ISSUE-TEMPLATE-P25-CITY-TEXT-01,27,P25,"City & Growth: Map, Numbers & Sources",TEXT,ARTICLE_OR_COPY,"City & Growth: Map, Numbers & Sources / EXPLAINER",PRESS_PASS_WRITER / SIERRA_GRACE_EDITOR,"anna texas, city, growth & leadership, city & growth: map, numbers & sources, text, city, growth, map, numbers, sources, leadership",150-450,OPEN,VERIFIED_QUERY,false,ANALYTICS-ISSUE-TEMPLATE-P25-CITY-TEXT-01
ISSUE-TEMPLATE-P25-CITY-TEXT-02,27,P25,"City & Growth: Map, Numbers & Sources",TEXT,ARTICLE_OR_COPY,"City & Growth: Map, Numbers & Sources / RESOURCE LIST",PRESS_PASS_WRITER / SIERRA_GRACE_EDITOR,"anna texas, city, growth & leadership, city & growth: map, numbers & sources, text, city, growth, map, numbers, sources, leadership",100-350,OPEN,VERIFIED_QUERY,false,ANALYTICS-ISSUE-TEMPLATE-P25-CITY-TEXT-02
ISSUE-TEMPLATE-P25-QUARTER-05,27,P25,"City & Growth: Map, Numbers & Sources",AD,AD,QUARTER / AD_QUARTER,PRESS_PASS_WRITER / SIERRA_GRACE_EDITOR,"anna texas, city, growth & leadership, city & growth: map, numbers & sources, ad, city, growth, map, numbers, sources, leadership",,DRAFT_ADMIN_REVIEW,PAID_PLACEMENT,false,ANALYTICS-ISSUE-TEMPLATE-P25-QUARTER-05
ISSUE-TEMPLATE-P25-QUARTER-06,27,P25,"City & Growth: Map, Numbers & Sources",AD,AD,QUARTER / AD_QUARTER,PRESS_PASS_WRITER / SIERRA_GRACE_EDITOR,"anna texas, city, growth & leadership, city & growth: map, numbers & sources, ad, city, growth, map, numbers, sources, leadership",,DRAFT_ADMIN_REVIEW,PAID_PLACEMENT,false,ANALYTICS-ISSUE-TEMPLATE-P25-QUARTER-06
ISSUE-TEMPLATE-P26-CITY-IMAGE-01,28,P26,City Leader of the Month,IMAGE,PHOTO_OR_ARTWORK,City Leader of the Month / PORTRAIT OR PROCESS,PRESS_PASS_PHOTOGRAPHER / ARTIST / PHOTO_EDITOR,"anna texas, city, growth & leadership, city leader of the month, image, city, leader, month, growth, leadership, portrait",,OPEN,AI CANDIDATES + HUMAN SAVE,true,ANALYTICS-ISSUE-TEMPLATE-P26-CITY-IMAGE-01
ISSUE-TEMPLATE-P26-CITY-TEXT-01,28,P26,City Leader of the Month,TEXT,ARTICLE_OR_COPY,City Leader of the Month / Q&A COLUMN A,PRESS_PASS_WRITER / SIERRA_GRACE_EDITOR,"anna texas, city, growth & leadership, city leader of the month, text, city, leader, month, growth, leadership, column","700-1,200",OPEN,ELIGIBLE_CITY_LEADER_RANDOMIZER,true,ANALYTICS-ISSUE-TEMPLATE-P26-CITY-TEXT-01
ISSUE-TEMPLATE-P26-CITY-TEXT-02,28,P26,City Leader of the Month,TEXT,ARTICLE_OR_COPY,City Leader of the Month / Q&A COLUMN B + PULLQUOTE,PRESS_PASS_WRITER / SIERRA_GRACE_EDITOR,"anna texas, city, growth & leadership, city leader of the month, text, city, leader, month, growth, leadership, column",400-800,OPEN,ELIGIBLE_CITY_LEADER_RANDOMIZER,true,ANALYTICS-ISSUE-TEMPLATE-P26-CITY-TEXT-02
ISSUE-TEMPLATE-P27-CITY-IMAGE-01,29,P27,City & Growth: What Happens Next,IMAGE,PHOTO_OR_ARTWORK,City & Growth: What Happens Next / EDITORIAL IMAGE,PRESS_PASS_PHOTOGRAPHER / ARTIST / PHOTO_EDITOR,"anna texas, city, growth & leadership, city & growth: what happens next, image, city, growth, what, happens, next, leadership",,OPEN,AI CANDIDATES + HUMAN SAVE,true,ANALYTICS-ISSUE-TEMPLATE-P27-CITY-IMAGE-01
ISSUE-TEMPLATE-P27-CITY-TEXT-01,29,P27,City & Growth: What Happens Next,TEXT,ARTICLE_OR_COPY,City & Growth: What Happens Next / EDITORIAL TEXT,PRESS_PASS_WRITER / SIERRA_GRACE_EDITOR,"anna texas, city, growth & leadership, city & growth: what happens next, text, city, growth, what, happens, next, leadership",150-450,OPEN,EDITORIAL_SELECTION,true,ANALYTICS-ISSUE-TEMPLATE-P27-CITY-TEXT-01
ISSUE-TEMPLATE-P27-CITY-TEXT-02,29,P27,City & Growth: What Happens Next,TEXT,ARTICLE_OR_COPY,City & Growth: What Happens Next / CAPTION + SERVICE INFO,PRESS_PASS_WRITER / SIERRA_GRACE_EDITOR,"anna texas, city, growth & leadership, city & growth: what happens next, text, city, growth, what, happens, next, leadership",100-350,OPEN,EDITORIAL_SELECTION,true,ANALYTICS-ISSUE-TEMPLATE-P27-CITY-TEXT-02
ISSUE-TEMPLATE-P27-THIRD_VERTICAL-03,29,P27,City & Growth: What Happens Next,AD,AD,THIRD_VERTICAL / AD_THIRD_VERTICAL,PRESS_PASS_WRITER / SIERRA_GRACE_EDITOR,"anna texas, city, growth & leadership, city & growth: what happens next, ad, city, growth, what, happens, next, leadership",,DRAFT_ADMIN_REVIEW,PAID_PLACEMENT,false,ANALYTICS-ISSUE-TEMPLATE-P27-THIRD_VERTICAL-03
ISSUE-TEMPLATE-P28-BUSINESS-IMAGE-01,30,P28,Anna Business: Opening,IMAGE,PHOTO_OR_ARTWORK,Anna Business: Opening / HERO IMAGE,PRESS_PASS_PHOTOGRAPHER / ARTIST / PHOTO_EDITOR,"anna texas, anna business, anna business: opening, image, business, hero, local photography, visual storytelling",,OPEN,AI CANDIDATES + HUMAN SAVE,true,ANALYTICS-ISSUE-TEMPLATE-P28-BUSINESS-IMAGE-01
ISSUE-TEMPLATE-P28-BUSINESS-TEXT-01,30,P28,Anna Business: Opening,TEXT,ARTICLE_OR_COPY,Anna Business: Opening / KICKER + HEADLINE + DECK,PRESS_PASS_WRITER / SIERRA_GRACE_EDITOR,"anna texas, anna business, anna business: opening, text, business, kicker, headline, deck, local voices, reported story",15-75,OPEN,EDITORIAL_SELECTION,true,ANALYTICS-ISSUE-TEMPLATE-P28-BUSINESS-TEXT-01
ISSUE-TEMPLATE-P28-BUSINESS-TEXT-02,30,P28,Anna Business: Opening,TEXT,ARTICLE_OR_COPY,Anna Business: Opening / OPENING COPY + BYLINE,PRESS_PASS_WRITER / SIERRA_GRACE_EDITOR,"anna texas, anna business, anna business: opening, text, business, byline, local voices, reported story",150-450,OPEN,EDITORIAL_SELECTION,true,ANALYTICS-ISSUE-TEMPLATE-P28-BUSINESS-TEXT-02
ISSUE-TEMPLATE-P29-BUSINESS-IMAGE-01,31,P29,Business of the Month,IMAGE,PHOTO_OR_ARTWORK,Business of the Month / PORTRAIT OR PROCESS,PRESS_PASS_PHOTOGRAPHER / ARTIST / PHOTO_EDITOR,"anna texas, anna business, business of the month, image, business, month, portrait, process, local photography, visual storytelling",,OPEN,AI CANDIDATES + HUMAN SAVE,true,ANALYTICS-ISSUE-TEMPLATE-P29-BUSINESS-IMAGE-01
ISSUE-TEMPLATE-P29-BUSINESS-TEXT-01,31,P29,Business of the Month,TEXT,ARTICLE_OR_COPY,Business of the Month / Q&A COLUMN A,PRESS_PASS_WRITER / SIERRA_GRACE_EDITOR,"anna texas, anna business, business of the month, text, business, month, column, local voices, reported story","700-1,200",OPEN,SURVEY_NUMBER_ONE_SELECTION,true,ANALYTICS-ISSUE-TEMPLATE-P29-BUSINESS-TEXT-01
ISSUE-TEMPLATE-P29-BUSINESS-TEXT-02,31,P29,Business of the Month,TEXT,ARTICLE_OR_COPY,Business of the Month / Q&A COLUMN B + PULLQUOTE,PRESS_PASS_WRITER / SIERRA_GRACE_EDITOR,"anna texas, anna business, business of the month, text, business, month, column, pullquote, local voices, reported story",400-800,OPEN,SURVEY_NUMBER_ONE_SELECTION,true,ANALYTICS-ISSUE-TEMPLATE-P29-BUSINESS-TEXT-02
ISSUE-TEMPLATE-P30-BUSINESS-DATA-01,32,P30,Newly Claimed Businesses: Welcome,DATA,VERIFIED_DATA_OR_GRAPHIC,"Newly Claimed Businesses: Welcome / MAP, CHART OR CHECKLIST",PRESS_PASS_WRITER / SIERRA_GRACE_EDITOR,"anna texas, anna business, newly claimed businesses: welcome, data, newly, claimed, businesses, welcome, business, map",,OPEN,VERIFIED_QUERY,false,ANALYTICS-ISSUE-TEMPLATE-P30-BUSINESS-DATA-01
ISSUE-TEMPLATE-P30-BUSINESS-TEXT-01,32,P30,Newly Claimed Businesses: Welcome,TEXT,ARTICLE_OR_COPY,Newly Claimed Businesses: Welcome / EXPLAINER,PRESS_PASS_WRITER / SIERRA_GRACE_EDITOR,"anna texas, anna business, newly claimed businesses: welcome, text, newly, claimed, businesses, welcome, business, explainer",150-450,OPEN,VERIFIED_QUERY,false,ANALYTICS-ISSUE-TEMPLATE-P30-BUSINESS-TEXT-01
ISSUE-TEMPLATE-P30-BUSINESS-TEXT-02,32,P30,Newly Claimed Businesses: Welcome,TEXT,ARTICLE_OR_COPY,Newly Claimed Businesses: Welcome / RESOURCE LIST,PRESS_PASS_WRITER / SIERRA_GRACE_EDITOR,"anna texas, anna business, newly claimed businesses: welcome, text, newly, claimed, businesses, welcome, business, resource",100-350,OPEN,VERIFIED_QUERY,false,ANALYTICS-ISSUE-TEMPLATE-P30-BUSINESS-TEXT-02
ISSUE-TEMPLATE-P31-FULL-03,33,P31,Anna Business Partner,AD,AD,FULL / AD_FULL,PRESS_PASS_WRITER / SIERRA_GRACE_EDITOR,"anna texas, anna business, anna business partner, ad, business, partner, full, local business, sponsor",,DRAFT_ADMIN_REVIEW,PAID_PLACEMENT,false,ANALYTICS-ISSUE-TEMPLATE-P31-FULL-03
ISSUE-TEMPLATE-P32-ARTS-IMAGE-01,34,P32,Arts & Artist Marketplace: Opening,IMAGE,PHOTO_OR_ARTWORK,Arts & Artist Marketplace: Opening / HERO IMAGE,PRESS_PASS_PHOTOGRAPHER / ARTIST / PHOTO_EDITOR,"anna texas, arts & artist marketplace, arts & artist marketplace: opening, image, arts, artist, marketplace, hero, local photography, visual storytelling",,OPEN,AI CANDIDATES + HUMAN SAVE,true,ANALYTICS-ISSUE-TEMPLATE-P32-ARTS-IMAGE-01
ISSUE-TEMPLATE-P32-ARTS-TEXT-01,34,P32,Arts & Artist Marketplace: Opening,TEXT,ARTICLE_OR_COPY,Arts & Artist Marketplace: Opening / KICKER + HEADLINE + DECK,PRESS_PASS_WRITER / SIERRA_GRACE_EDITOR,"anna texas, arts & artist marketplace, arts & artist marketplace: opening, text, arts, artist, marketplace, kicker, headline, deck",15-75,OPEN,EDITORIAL_SELECTION,true,ANALYTICS-ISSUE-TEMPLATE-P32-ARTS-TEXT-01
ISSUE-TEMPLATE-P32-ARTS-TEXT-02,34,P32,Arts & Artist Marketplace: Opening,TEXT,ARTICLE_OR_COPY,Arts & Artist Marketplace: Opening / OPENING COPY + BYLINE,PRESS_PASS_WRITER / SIERRA_GRACE_EDITOR,"anna texas, arts & artist marketplace, arts & artist marketplace: opening, text, arts, artist, marketplace, byline, local voices, reported story",150-450,OPEN,EDITORIAL_SELECTION,true,ANALYTICS-ISSUE-TEMPLATE-P32-ARTS-TEXT-02
ISSUE-TEMPLATE-P33-ARTS-IMAGE-01,35,P33,Artist Gallery,IMAGE,PHOTO_OR_ARTWORK,Artist Gallery / IMAGE 1,PRESS_PASS_PHOTOGRAPHER / ARTIST / PHOTO_EDITOR,"anna texas, arts & artist marketplace, artist gallery, image, artist, gallery, arts, marketplace, local photography, visual storytelling",,OPEN,AI CANDIDATES + HUMAN SAVE,false,ANALYTICS-ISSUE-TEMPLATE-P33-ARTS-IMAGE-01
ISSUE-TEMPLATE-P33-ARTS-IMAGE-02,35,P33,Artist Gallery,IMAGE,PHOTO_OR_ARTWORK,Artist Gallery / IMAGE 2,PRESS_PASS_PHOTOGRAPHER / ARTIST / PHOTO_EDITOR,"anna texas, arts & artist marketplace, artist gallery, image, artist, gallery, arts, marketplace, local photography, visual storytelling",,OPEN,AI CANDIDATES + HUMAN SAVE,false,ANALYTICS-ISSUE-TEMPLATE-P33-ARTS-IMAGE-02
ISSUE-TEMPLATE-P33-ARTS-IMAGE-03,35,P33,Artist Gallery,IMAGE,PHOTO_OR_ARTWORK,Artist Gallery / IMAGE 3,PRESS_PASS_PHOTOGRAPHER / ARTIST / PHOTO_EDITOR,"anna texas, arts & artist marketplace, artist gallery, image, artist, gallery, arts, marketplace, local photography, visual storytelling",,OPEN,AI CANDIDATES + HUMAN SAVE,false,ANALYTICS-ISSUE-TEMPLATE-P33-ARTS-IMAGE-03
ISSUE-TEMPLATE-P33-ARTS-IMAGE-04,35,P33,Artist Gallery,IMAGE,PHOTO_OR_ARTWORK,Artist Gallery / IMAGE 4,PRESS_PASS_PHOTOGRAPHER / ARTIST / PHOTO_EDITOR,"anna texas, arts & artist marketplace, artist gallery, image, artist, gallery, arts, marketplace, local photography, visual storytelling",,OPEN,AI CANDIDATES + HUMAN SAVE,false,ANALYTICS-ISSUE-TEMPLATE-P33-ARTS-IMAGE-04
ISSUE-TEMPLATE-P33-ARTS-IMAGE-05,35,P33,Artist Gallery,IMAGE,PHOTO_OR_ARTWORK,Artist Gallery / IMAGE 5,PRESS_PASS_PHOTOGRAPHER / ARTIST / PHOTO_EDITOR,"anna texas, arts & artist marketplace, artist gallery, image, artist, gallery, arts, marketplace, local photography, visual storytelling",,OPEN,AI CANDIDATES + HUMAN SAVE,false,ANALYTICS-ISSUE-TEMPLATE-P33-ARTS-IMAGE-05
ISSUE-TEMPLATE-P33-ARTS-TEXT-01,35,P33,Artist Gallery,TEXT,ARTICLE_OR_COPY,Artist Gallery / INTRO + CAPTIONS,PRESS_PASS_WRITER / SIERRA_GRACE_EDITOR,"anna texas, arts & artist marketplace, artist gallery, text, artist, gallery, arts, marketplace, intro, captions",150-450,OPEN,VERIFIED_QUERY,false,ANALYTICS-ISSUE-TEMPLATE-P33-ARTS-TEXT-01
ISSUE-TEMPLATE-P33-QUARTER-07,35,P33,Artist Gallery,AD,AD,QUARTER / AD_QUARTER,PRESS_PASS_WRITER / SIERRA_GRACE_EDITOR,"anna texas, arts & artist marketplace, artist gallery, ad, artist, gallery, arts, marketplace, quarter, local business",,DRAFT_ADMIN_REVIEW,PAID_PLACEMENT,false,ANALYTICS-ISSUE-TEMPLATE-P33-QUARTER-07
ISSUE-TEMPLATE-P33-QUARTER-08,35,P33,Artist Gallery,AD,AD,QUARTER / AD_QUARTER,PRESS_PASS_WRITER / SIERRA_GRACE_EDITOR,"anna texas, arts & artist marketplace, artist gallery, ad, artist, gallery, arts, marketplace, quarter, local business",,DRAFT_ADMIN_REVIEW,PAID_PLACEMENT,false,ANALYTICS-ISSUE-TEMPLATE-P33-QUARTER-08
ISSUE-TEMPLATE-P34-ARTS-IMAGE-01,36,P34,"Artist Story, Process & Interview",IMAGE,PHOTO_OR_ARTWORK,"Artist Story, Process & Interview / PORTRAIT OR PROCESS",PRESS_PASS_PHOTOGRAPHER / ARTIST / PHOTO_EDITOR,"anna texas, arts & artist marketplace, artist story, process & interview, image, artist, process, interview, arts, marketplace, portrait",,OPEN,AI CANDIDATES + HUMAN SAVE,true,ANALYTICS-ISSUE-TEMPLATE-P34-ARTS-IMAGE-01
ISSUE-TEMPLATE-P34-ARTS-TEXT-01,36,P34,"Artist Story, Process & Interview",TEXT,ARTICLE_OR_COPY,"Artist Story, Process & Interview / Q&A COLUMN A",PRESS_PASS_WRITER / SIERRA_GRACE_EDITOR,"anna texas, arts & artist marketplace, artist story, process & interview, text, artist, process, interview, arts, marketplace, column","700-1,200",OPEN,EDITORIAL_SELECTION,true,ANALYTICS-ISSUE-TEMPLATE-P34-ARTS-TEXT-01
ISSUE-TEMPLATE-P34-ARTS-TEXT-02,36,P34,"Artist Story, Process & Interview",TEXT,ARTICLE_OR_COPY,"Artist Story, Process & Interview / Q&A COLUMN B + PULLQUOTE",PRESS_PASS_WRITER / SIERRA_GRACE_EDITOR,"anna texas, arts & artist marketplace, artist story, process & interview, text, artist, process, interview, arts, marketplace, column",400-800,OPEN,EDITORIAL_SELECTION,true,ANALYTICS-ISSUE-TEMPLATE-P34-ARTS-TEXT-02
ISSUE-TEMPLATE-P35-ARTS-IMAGE-01,37,P35,"Marketplace: Products, Prints & Services",IMAGE,PHOTO_OR_ARTWORK,"Marketplace: Products, Prints & Services / EDITORIAL IMAGE",PRESS_PASS_PHOTOGRAPHER / ARTIST / PHOTO_EDITOR,"anna texas, arts & artist marketplace, marketplace: products, prints & services, image, marketplace, products, prints, services, arts, artist",,OPEN,AI CANDIDATES + HUMAN SAVE,false,ANALYTICS-ISSUE-TEMPLATE-P35-ARTS-IMAGE-01
ISSUE-TEMPLATE-P35-ARTS-TEXT-01,37,P35,"Marketplace: Products, Prints & Services",TEXT,ARTICLE_OR_COPY,"Marketplace: Products, Prints & Services / EDITORIAL TEXT",PRESS_PASS_WRITER / SIERRA_GRACE_EDITOR,"anna texas, arts & artist marketplace, marketplace: products, prints & services, text, marketplace, products, prints, services, arts, artist",150-450,OPEN,VERIFIED_QUERY,false,ANALYTICS-ISSUE-TEMPLATE-P35-ARTS-TEXT-01
ISSUE-TEMPLATE-P35-ARTS-TEXT-02,37,P35,"Marketplace: Products, Prints & Services",TEXT,ARTICLE_OR_COPY,"Marketplace: Products, Prints & Services / CAPTION + SERVICE INFO",PRESS_PASS_WRITER / SIERRA_GRACE_EDITOR,"anna texas, arts & artist marketplace, marketplace: products, prints & services, text, marketplace, products, prints, services, arts, artist",100-350,OPEN,VERIFIED_QUERY,false,ANALYTICS-ISSUE-TEMPLATE-P35-ARTS-TEXT-02
ISSUE-TEMPLATE-P35-HALF-03,37,P35,"Marketplace: Products, Prints & Services",AD,AD,HALF / AD_HALF,PRESS_PASS_WRITER / SIERRA_GRACE_EDITOR,"anna texas, arts & artist marketplace, marketplace: products, prints & services, ad, marketplace, products, prints, services, arts, artist",,DRAFT_ADMIN_REVIEW,PAID_PLACEMENT,false,ANALYTICS-ISSUE-TEMPLATE-P35-HALF-03
ISSUE-TEMPLATE-P36-SPORTS-IMAGE-01,38,P36,Anna High School Sports: Opening,IMAGE,PHOTO_OR_ARTWORK,Anna High School Sports: Opening / HERO IMAGE,PRESS_PASS_PHOTOGRAPHER / ARTIST / PHOTO_EDITOR,"anna texas, anna high school sports, anna high school sports: opening, image, high, school, sports, hero, local photography, visual storytelling",,OPEN,AI CANDIDATES + HUMAN SAVE,true,ANALYTICS-ISSUE-TEMPLATE-P36-SPORTS-IMAGE-01
ISSUE-TEMPLATE-P36-SPORTS-TEXT-01,38,P36,Anna High School Sports: Opening,TEXT,ARTICLE_OR_COPY,Anna High School Sports: Opening / KICKER + HEADLINE + DECK,PRESS_PASS_WRITER / SIERRA_GRACE_EDITOR,"anna texas, anna high school sports, anna high school sports: opening, text, high, school, sports, kicker, headline, deck",15-75,OPEN,EDITORIAL_SELECTION,true,ANALYTICS-ISSUE-TEMPLATE-P36-SPORTS-TEXT-01
ISSUE-TEMPLATE-P36-SPORTS-TEXT-02,38,P36,Anna High School Sports: Opening,TEXT,ARTICLE_OR_COPY,Anna High School Sports: Opening / OPENING COPY + BYLINE,PRESS_PASS_WRITER / SIERRA_GRACE_EDITOR,"anna texas, anna high school sports, anna high school sports: opening, text, high, school, sports, byline, local voices, reported story",150-450,OPEN,EDITORIAL_SELECTION,true,ANALYTICS-ISSUE-TEMPLATE-P36-SPORTS-TEXT-02
ISSUE-TEMPLATE-P37-SPORTS-DATA-01,39,P37,"Scores, Standings & Schedule",DATA,VERIFIED_DATA_OR_GRAPHIC,"Scores, Standings & Schedule / MAP, CHART OR CHECKLIST",PRESS_PASS_WRITER / SIERRA_GRACE_EDITOR,"anna texas, anna high school sports, scores, standings & schedule, data, scores, standings, schedule, high, school, sports",,OPEN,VERIFIED_QUERY,false,ANALYTICS-ISSUE-TEMPLATE-P37-SPORTS-DATA-01
ISSUE-TEMPLATE-P37-SPORTS-TEXT-01,39,P37,"Scores, Standings & Schedule",TEXT,ARTICLE_OR_COPY,"Scores, Standings & Schedule / EXPLAINER",PRESS_PASS_WRITER / SIERRA_GRACE_EDITOR,"anna texas, anna high school sports, scores, standings & schedule, text, scores, standings, schedule, high, school, sports",150-450,OPEN,VERIFIED_QUERY,false,ANALYTICS-ISSUE-TEMPLATE-P37-SPORTS-TEXT-01
ISSUE-TEMPLATE-P37-SPORTS-TEXT-02,39,P37,"Scores, Standings & Schedule",TEXT,ARTICLE_OR_COPY,"Scores, Standings & Schedule / RESOURCE LIST",PRESS_PASS_WRITER / SIERRA_GRACE_EDITOR,"anna texas, anna high school sports, scores, standings & schedule, text, scores, standings, schedule, high, school, sports",100-350,OPEN,VERIFIED_QUERY,false,ANALYTICS-ISSUE-TEMPLATE-P37-SPORTS-TEXT-02
ISSUE-TEMPLATE-P37-THIRD_VERTICAL-04,39,P37,"Scores, Standings & Schedule",AD,AD,THIRD_VERTICAL / AD_THIRD_VERTICAL,PRESS_PASS_WRITER / SIERRA_GRACE_EDITOR,"anna texas, anna high school sports, scores, standings & schedule, ad, scores, standings, schedule, high, school, sports",,DRAFT_ADMIN_REVIEW,PAID_PLACEMENT,false,ANALYTICS-ISSUE-TEMPLATE-P37-THIRD_VERTICAL-04
ISSUE-TEMPLATE-P38-SPORTS-IMAGE-01,40,P38,Athlete & Team Spotlight,IMAGE,PHOTO_OR_ARTWORK,Athlete & Team Spotlight / PORTRAIT OR PROCESS,PRESS_PASS_PHOTOGRAPHER / ARTIST / PHOTO_EDITOR,"anna texas, anna high school sports, athlete & team spotlight, image, athlete, team, spotlight, high, school, sports",,OPEN,AI CANDIDATES + HUMAN SAVE,true,ANALYTICS-ISSUE-TEMPLATE-P38-SPORTS-IMAGE-01
ISSUE-TEMPLATE-P38-SPORTS-TEXT-01,40,P38,Athlete & Team Spotlight,TEXT,ARTICLE_OR_COPY,Athlete & Team Spotlight / Q&A COLUMN A,PRESS_PASS_WRITER / SIERRA_GRACE_EDITOR,"anna texas, anna high school sports, athlete & team spotlight, text, athlete, team, spotlight, high, school, sports","700-1,200",OPEN,EDITORIAL_ROTATION,true,ANALYTICS-ISSUE-TEMPLATE-P38-SPORTS-TEXT-01
ISSUE-TEMPLATE-P38-SPORTS-TEXT-02,40,P38,Athlete & Team Spotlight,TEXT,ARTICLE_OR_COPY,Athlete & Team Spotlight / Q&A COLUMN B + PULLQUOTE,PRESS_PASS_WRITER / SIERRA_GRACE_EDITOR,"anna texas, anna high school sports, athlete & team spotlight, text, athlete, team, spotlight, high, school, sports",400-800,OPEN,EDITORIAL_ROTATION,true,ANALYTICS-ISSUE-TEMPLATE-P38-SPORTS-TEXT-02
ISSUE-TEMPLATE-P39-SPORTS-CAPTION-01,41,P39,Game-Day Photo Essay,CAPTION,CAPTION_AND_CREDIT,Game-Day Photo Essay / CAPTION BLOCK,PRESS_PASS_WRITER / SIERRA_GRACE_EDITOR,"anna texas, anna high school sports, game-day photo essay, caption, game-day, essay, high, school, sports, block",20-80,OPEN,EDITORIAL_SELECTION,true,ANALYTICS-ISSUE-TEMPLATE-P39-SPORTS-CAPTION-01
ISSUE-TEMPLATE-P39-SPORTS-IMAGE-01,41,P39,Game-Day Photo Essay,IMAGE,PHOTO_OR_ARTWORK,Game-Day Photo Essay / PRIMARY PHOTO,PRESS_PASS_PHOTOGRAPHER / ARTIST / PHOTO_EDITOR,"anna texas, anna high school sports, game-day photo essay, image, game-day, essay, high, school, sports, primary",,OPEN,AI CANDIDATES + HUMAN SAVE,true,ANALYTICS-ISSUE-TEMPLATE-P39-SPORTS-IMAGE-01
ISSUE-TEMPLATE-P39-SPORTS-IMAGE-02,41,P39,Game-Day Photo Essay,IMAGE,PHOTO_OR_ARTWORK,Game-Day Photo Essay / DETAIL PHOTO,PRESS_PASS_PHOTOGRAPHER / ARTIST / PHOTO_EDITOR,"anna texas, anna high school sports, game-day photo essay, image, game-day, essay, high, school, sports, detail",,OPEN,AI CANDIDATES + HUMAN SAVE,true,ANALYTICS-ISSUE-TEMPLATE-P39-SPORTS-IMAGE-02
ISSUE-TEMPLATE-P39-SPORTS-IMAGE-03,41,P39,Game-Day Photo Essay,IMAGE,PHOTO_OR_ARTWORK,Game-Day Photo Essay / CONTEXT PHOTO,PRESS_PASS_PHOTOGRAPHER / ARTIST / PHOTO_EDITOR,"anna texas, anna high school sports, game-day photo essay, image, game-day, essay, high, school, sports, context",,OPEN,AI CANDIDATES + HUMAN SAVE,true,ANALYTICS-ISSUE-TEMPLATE-P39-SPORTS-IMAGE-03
ISSUE-TEMPLATE-P39-SPORTS-TEXT-01,41,P39,Game-Day Photo Essay,TEXT,ARTICLE_OR_COPY,Game-Day Photo Essay / NARRATIVE + CREDITS,PRESS_PASS_WRITER / SIERRA_GRACE_EDITOR,"anna texas, anna high school sports, game-day photo essay, text, game-day, essay, high, school, sports, narrative",150-450,OPEN,EDITORIAL_SELECTION,true,ANALYTICS-ISSUE-TEMPLATE-P39-SPORTS-TEXT-01
ISSUE-TEMPLATE-P40-SPORTS-DATA-01,42,P40,Sports Calendar & School Spirit,DATA,VERIFIED_DATA_OR_GRAPHIC,Sports Calendar & School Spirit / CALENDAR GRID,PRESS_PASS_WRITER / SIERRA_GRACE_EDITOR,"anna texas, anna high school sports, sports calendar & school spirit, data, sports, calendar, school, spirit, high, grid",,OPEN,VERIFIED_QUERY,false,ANALYTICS-ISSUE-TEMPLATE-P40-SPORTS-DATA-01
ISSUE-TEMPLATE-P40-SPORTS-IMAGE-01,42,P40,Sports Calendar & School Spirit,IMAGE,PHOTO_OR_ARTWORK,Sports Calendar & School Spirit / EVENT IMAGE,PRESS_PASS_PHOTOGRAPHER / ARTIST / PHOTO_EDITOR,"anna texas, anna high school sports, sports calendar & school spirit, image, sports, calendar, school, spirit, high, event",,OPEN,AI CANDIDATES + HUMAN SAVE,false,ANALYTICS-ISSUE-TEMPLATE-P40-SPORTS-IMAGE-01
ISSUE-TEMPLATE-P40-SPORTS-TEXT-01,42,P40,Sports Calendar & School Spirit,TEXT,ARTICLE_OR_COPY,Sports Calendar & School Spirit / EDITOR PICKS,PRESS_PASS_WRITER / SIERRA_GRACE_EDITOR,"anna texas, anna high school sports, sports calendar & school spirit, text, sports, calendar, school, spirit, high, editor",150-450,OPEN,VERIFIED_QUERY,false,ANALYTICS-ISSUE-TEMPLATE-P40-SPORTS-TEXT-01
ISSUE-TEMPLATE-P40-SPORTS-TEXT-02,42,P40,Sports Calendar & School Spirit,TEXT,ARTICLE_OR_COPY,Sports Calendar & School Spirit / SUBMISSION QR + DEADLINES,PRESS_PASS_WRITER / SIERRA_GRACE_EDITOR,"anna texas, anna high school sports, sports calendar & school spirit, text, sports, calendar, school, spirit, high, submission",150-450,OPEN,VERIFIED_QUERY,false,ANALYTICS-ISSUE-TEMPLATE-P40-SPORTS-TEXT-02
ISSUE-TEMPLATE-P41-FULL-04,43,P41,Anna Sports Partner,AD,AD,FULL / AD_FULL,PRESS_PASS_WRITER / SIERRA_GRACE_EDITOR,"anna texas, anna high school sports, anna sports partner, ad, sports, partner, high, school, full, local business",,DRAFT_ADMIN_REVIEW,PAID_PLACEMENT,false,ANALYTICS-ISSUE-TEMPLATE-P41-FULL-04
ISSUE-TEMPLATE-P42-EVENTS-IMAGE-01,44,P42,Next Month in Anna: Opening,IMAGE,PHOTO_OR_ARTWORK,Next Month in Anna: Opening / HERO IMAGE,PRESS_PASS_PHOTOGRAPHER / ARTIST / PHOTO_EDITOR,"anna texas, next month in anna, next month in anna: opening, image, next, month, hero, local photography, visual storytelling",,OPEN,AI CANDIDATES + HUMAN SAVE,false,ANALYTICS-ISSUE-TEMPLATE-P42-EVENTS-IMAGE-01
ISSUE-TEMPLATE-P42-EVENTS-TEXT-01,44,P42,Next Month in Anna: Opening,TEXT,ARTICLE_OR_COPY,Next Month in Anna: Opening / KICKER + HEADLINE + DECK,PRESS_PASS_WRITER / SIERRA_GRACE_EDITOR,"anna texas, next month in anna, next month in anna: opening, text, next, month, kicker, headline, deck, local voices",15-75,OPEN,VERIFIED_QUERY,false,ANALYTICS-ISSUE-TEMPLATE-P42-EVENTS-TEXT-01
ISSUE-TEMPLATE-P42-EVENTS-TEXT-02,44,P42,Next Month in Anna: Opening,TEXT,ARTICLE_OR_COPY,Next Month in Anna: Opening / OPENING COPY + BYLINE,PRESS_PASS_WRITER / SIERRA_GRACE_EDITOR,"anna texas, next month in anna, next month in anna: opening, text, next, month, byline, local voices, reported story",150-450,OPEN,VERIFIED_QUERY,false,ANALYTICS-ISSUE-TEMPLATE-P42-EVENTS-TEXT-02
ISSUE-TEMPLATE-P43-EVENTS-IMAGE-01,45,P43,Next Month: Featured Events,IMAGE,PHOTO_OR_ARTWORK,Next Month: Featured Events / EDITORIAL IMAGE,PRESS_PASS_PHOTOGRAPHER / ARTIST / PHOTO_EDITOR,"anna texas, next month in anna, next month: featured events, image, next, month, featured, events, local photography, visual storytelling",,OPEN,AI CANDIDATES + HUMAN SAVE,false,ANALYTICS-ISSUE-TEMPLATE-P43-EVENTS-IMAGE-01
ISSUE-TEMPLATE-P43-EVENTS-TEXT-01,45,P43,Next Month: Featured Events,TEXT,ARTICLE_OR_COPY,Next Month: Featured Events / EDITORIAL TEXT,PRESS_PASS_WRITER / SIERRA_GRACE_EDITOR,"anna texas, next month in anna, next month: featured events, text, next, month, featured, events, local voices, reported story",150-450,OPEN,VERIFIED_QUERY,false,ANALYTICS-ISSUE-TEMPLATE-P43-EVENTS-TEXT-01
ISSUE-TEMPLATE-P43-EVENTS-TEXT-02,45,P43,Next Month: Featured Events,TEXT,ARTICLE_OR_COPY,Next Month: Featured Events / LISTINGS OR CAPTIONS,PRESS_PASS_WRITER / SIERRA_GRACE_EDITOR,"anna texas, next month in anna, next month: featured events, text, next, month, featured, events, listings, captions",150-450,OPEN,VERIFIED_QUERY,false,ANALYTICS-ISSUE-TEMPLATE-P43-EVENTS-TEXT-02
ISSUE-TEMPLATE-P43-QUARTER-09,45,P43,Next Month: Featured Events,AD,AD,QUARTER / AD_QUARTER,PRESS_PASS_WRITER / SIERRA_GRACE_EDITOR,"anna texas, next month in anna, next month: featured events, ad, next, month, featured, events, quarter, local business",,DRAFT_ADMIN_REVIEW,PAID_PLACEMENT,false,ANALYTICS-ISSUE-TEMPLATE-P43-QUARTER-09
ISSUE-TEMPLATE-P43-QUARTER-10,45,P43,Next Month: Featured Events,AD,AD,QUARTER / AD_QUARTER,PRESS_PASS_WRITER / SIERRA_GRACE_EDITOR,"anna texas, next month in anna, next month: featured events, ad, next, month, featured, events, quarter, local business",,DRAFT_ADMIN_REVIEW,PAID_PLACEMENT,false,ANALYTICS-ISSUE-TEMPLATE-P43-QUARTER-10
ISSUE-TEMPLATE-P44-EVENTS-DATA-01,46,P44,Next Month: Datebook I,DATA,VERIFIED_DATA_OR_GRAPHIC,Next Month: Datebook I / CALENDAR GRID,PRESS_PASS_WRITER / SIERRA_GRACE_EDITOR,"anna texas, next month in anna, next month: datebook i, data, next, month, datebook, calendar, grid, verified data",,OPEN,VERIFIED_QUERY,false,ANALYTICS-ISSUE-TEMPLATE-P44-EVENTS-DATA-01
ISSUE-TEMPLATE-P44-EVENTS-IMAGE-01,46,P44,Next Month: Datebook I,IMAGE,PHOTO_OR_ARTWORK,Next Month: Datebook I / EVENT IMAGE,PRESS_PASS_PHOTOGRAPHER / ARTIST / PHOTO_EDITOR,"anna texas, next month in anna, next month: datebook i, image, next, month, datebook, event, local photography, visual storytelling",,OPEN,AI CANDIDATES + HUMAN SAVE,false,ANALYTICS-ISSUE-TEMPLATE-P44-EVENTS-IMAGE-01
ISSUE-TEMPLATE-P44-EVENTS-TEXT-01,46,P44,Next Month: Datebook I,TEXT,ARTICLE_OR_COPY,Next Month: Datebook I / EDITOR PICKS,PRESS_PASS_WRITER / SIERRA_GRACE_EDITOR,"anna texas, next month in anna, next month: datebook i, text, next, month, datebook, editor, picks, local voices",150-450,OPEN,VERIFIED_QUERY,false,ANALYTICS-ISSUE-TEMPLATE-P44-EVENTS-TEXT-01
ISSUE-TEMPLATE-P44-EVENTS-TEXT-02,46,P44,Next Month: Datebook I,TEXT,ARTICLE_OR_COPY,Next Month: Datebook I / SUBMISSION QR + DEADLINES,PRESS_PASS_WRITER / SIERRA_GRACE_EDITOR,"anna texas, next month in anna, next month: datebook i, text, next, month, datebook, submission, deadlines, local voices",150-450,OPEN,VERIFIED_QUERY,false,ANALYTICS-ISSUE-TEMPLATE-P44-EVENTS-TEXT-02
ISSUE-TEMPLATE-P45-EVENTS-DATA-01,47,P45,Next Month: Datebook II,DATA,VERIFIED_DATA_OR_GRAPHIC,Next Month: Datebook II / CALENDAR GRID,PRESS_PASS_WRITER / SIERRA_GRACE_EDITOR,"anna texas, next month in anna, next month: datebook ii, data, next, month, datebook, calendar, grid, verified data",,OPEN,VERIFIED_QUERY,false,ANALYTICS-ISSUE-TEMPLATE-P45-EVENTS-DATA-01
ISSUE-TEMPLATE-P45-EVENTS-IMAGE-01,47,P45,Next Month: Datebook II,IMAGE,PHOTO_OR_ARTWORK,Next Month: Datebook II / EVENT IMAGE,PRESS_PASS_PHOTOGRAPHER / ARTIST / PHOTO_EDITOR,"anna texas, next month in anna, next month: datebook ii, image, next, month, datebook, event, local photography, visual storytelling",,OPEN,AI CANDIDATES + HUMAN SAVE,false,ANALYTICS-ISSUE-TEMPLATE-P45-EVENTS-IMAGE-01
ISSUE-TEMPLATE-P45-EVENTS-TEXT-01,47,P45,Next Month: Datebook II,TEXT,ARTICLE_OR_COPY,Next Month: Datebook II / EDITOR PICKS,PRESS_PASS_WRITER / SIERRA_GRACE_EDITOR,"anna texas, next month in anna, next month: datebook ii, text, next, month, datebook, editor, picks, local voices",150-450,OPEN,VERIFIED_QUERY,false,ANALYTICS-ISSUE-TEMPLATE-P45-EVENTS-TEXT-01
ISSUE-TEMPLATE-P45-EVENTS-TEXT-02,47,P45,Next Month: Datebook II,TEXT,ARTICLE_OR_COPY,Next Month: Datebook II / SUBMISSION QR + DEADLINES,PRESS_PASS_WRITER / SIERRA_GRACE_EDITOR,"anna texas, next month in anna, next month: datebook ii, text, next, month, datebook, submission, deadlines, local voices",150-450,OPEN,VERIFIED_QUERY,false,ANALYTICS-ISSUE-TEMPLATE-P45-EVENTS-TEXT-02
ISSUE-TEMPLATE-P45-QUARTER-11,47,P45,Next Month: Datebook II,AD,AD,QUARTER / AD_QUARTER,PRESS_PASS_WRITER / SIERRA_GRACE_EDITOR,"anna texas, next month in anna, next month: datebook ii, ad, next, month, datebook, quarter, local business, sponsor",,DRAFT_ADMIN_REVIEW,PAID_PLACEMENT,false,ANALYTICS-ISSUE-TEMPLATE-P45-QUARTER-11
ISSUE-TEMPLATE-P45-QUARTER-12,47,P45,Next Month: Datebook II,AD,AD,QUARTER / AD_QUARTER,PRESS_PASS_WRITER / SIERRA_GRACE_EDITOR,"anna texas, next month in anna, next month: datebook ii, ad, next, month, datebook, quarter, local business, sponsor",,DRAFT_ADMIN_REVIEW,PAID_PLACEMENT,false,ANALYTICS-ISSUE-TEMPLATE-P45-QUARTER-12
ISSUE-TEMPLATE-P46-PETS-IMAGE-01,48,P46,Pet Corner: Pets Around Town,IMAGE,PHOTO_OR_ARTWORK,Pet Corner: Pets Around Town / HERO IMAGE,PRESS_PASS_PHOTOGRAPHER / ARTIST / PHOTO_EDITOR,"anna texas, pet corner & community photos, pet corner: pets around town, image, pet, corner, pets, around, town, photos",,OPEN,AI CANDIDATES + HUMAN SAVE,true,ANALYTICS-ISSUE-TEMPLATE-P46-PETS-IMAGE-01
ISSUE-TEMPLATE-P46-PETS-TEXT-01,48,P46,Pet Corner: Pets Around Town,TEXT,ARTICLE_OR_COPY,Pet Corner: Pets Around Town / KICKER + HEADLINE + DECK,PRESS_PASS_WRITER / SIERRA_GRACE_EDITOR,"anna texas, pet corner & community photos, pet corner: pets around town, text, pet, corner, pets, around, town, photos",15-75,OPEN,EDITORIAL_SELECTION,true,ANALYTICS-ISSUE-TEMPLATE-P46-PETS-TEXT-01
ISSUE-TEMPLATE-P46-PETS-TEXT-02,48,P46,Pet Corner: Pets Around Town,TEXT,ARTICLE_OR_COPY,Pet Corner: Pets Around Town / OPENING COPY + BYLINE,PRESS_PASS_WRITER / SIERRA_GRACE_EDITOR,"anna texas, pet corner & community photos, pet corner: pets around town, text, pet, corner, pets, around, town, photos",150-450,OPEN,EDITORIAL_SELECTION,true,ANALYTICS-ISSUE-TEMPLATE-P46-PETS-TEXT-02
ISSUE-TEMPLATE-P47-PETS-IMAGE-01,49,P47,Pet Contest Finalists,IMAGE,PHOTO_OR_ARTWORK,Pet Contest Finalists / IMAGE 1,PRESS_PASS_PHOTOGRAPHER / ARTIST / PHOTO_EDITOR,"anna texas, pet corner & community photos, pet contest finalists, image, pet, contest, finalists, corner, photos, local photography",,OPEN,AI CANDIDATES + HUMAN SAVE,true,ANALYTICS-ISSUE-TEMPLATE-P47-PETS-IMAGE-01
ISSUE-TEMPLATE-P47-PETS-IMAGE-02,49,P47,Pet Contest Finalists,IMAGE,PHOTO_OR_ARTWORK,Pet Contest Finalists / IMAGE 2,PRESS_PASS_PHOTOGRAPHER / ARTIST / PHOTO_EDITOR,"anna texas, pet corner & community photos, pet contest finalists, image, pet, contest, finalists, corner, photos, local photography",,OPEN,AI CANDIDATES + HUMAN SAVE,true,ANALYTICS-ISSUE-TEMPLATE-P47-PETS-IMAGE-02
ISSUE-TEMPLATE-P47-PETS-IMAGE-03,49,P47,Pet Contest Finalists,IMAGE,PHOTO_OR_ARTWORK,Pet Contest Finalists / IMAGE 3,PRESS_PASS_PHOTOGRAPHER / ARTIST / PHOTO_EDITOR,"anna texas, pet corner & community photos, pet contest finalists, image, pet, contest, finalists, corner, photos, local photography",,OPEN,AI CANDIDATES + HUMAN SAVE,true,ANALYTICS-ISSUE-TEMPLATE-P47-PETS-IMAGE-03
ISSUE-TEMPLATE-P47-PETS-IMAGE-04,49,P47,Pet Contest Finalists,IMAGE,PHOTO_OR_ARTWORK,Pet Contest Finalists / IMAGE 4,PRESS_PASS_PHOTOGRAPHER / ARTIST / PHOTO_EDITOR,"anna texas, pet corner & community photos, pet contest finalists, image, pet, contest, finalists, corner, photos, local photography",,OPEN,AI CANDIDATES + HUMAN SAVE,true,ANALYTICS-ISSUE-TEMPLATE-P47-PETS-IMAGE-04
ISSUE-TEMPLATE-P47-PETS-IMAGE-05,49,P47,Pet Contest Finalists,IMAGE,PHOTO_OR_ARTWORK,Pet Contest Finalists / IMAGE 5,PRESS_PASS_PHOTOGRAPHER / ARTIST / PHOTO_EDITOR,"anna texas, pet corner & community photos, pet contest finalists, image, pet, contest, finalists, corner, photos, local photography",,OPEN,AI CANDIDATES + HUMAN SAVE,true,ANALYTICS-ISSUE-TEMPLATE-P47-PETS-IMAGE-05
ISSUE-TEMPLATE-P47-PETS-TEXT-01,49,P47,Pet Contest Finalists,TEXT,ARTICLE_OR_COPY,Pet Contest Finalists / INTRO + CAPTIONS,PRESS_PASS_WRITER / SIERRA_GRACE_EDITOR,"anna texas, pet corner & community photos, pet contest finalists, text, pet, contest, finalists, corner, photos, intro",150-450,OPEN,EDITORIAL_SELECTION,true,ANALYTICS-ISSUE-TEMPLATE-P47-PETS-TEXT-01
ISSUE-TEMPLATE-P47-THIRD_VERTICAL-05,49,P47,Pet Contest Finalists,AD,AD,THIRD_VERTICAL / AD_THIRD_VERTICAL,PRESS_PASS_WRITER / SIERRA_GRACE_EDITOR,"anna texas, pet corner & community photos, pet contest finalists, ad, pet, contest, finalists, corner, photos, third",,DRAFT_ADMIN_REVIEW,PAID_PLACEMENT,false,ANALYTICS-ISSUE-TEMPLATE-P47-THIRD_VERTICAL-05
ISSUE-TEMPLATE-P48-PETS-CAPTION-01,50,P48,Community Photos,CAPTION,CAPTION_AND_CREDIT,Community Photos / CAPTION BLOCK,PRESS_PASS_WRITER / SIERRA_GRACE_EDITOR,"anna texas, pet corner & community photos, community photos, caption, photos, pet, corner, block, attribution",20-80,OPEN,CONTEST_OR_EDITORIAL_SELECTION,true,ANALYTICS-ISSUE-TEMPLATE-P48-PETS-CAPTION-01
ISSUE-TEMPLATE-P48-PETS-IMAGE-01,50,P48,Community Photos,IMAGE,PHOTO_OR_ARTWORK,Community Photos / PRIMARY PHOTO,PRESS_PASS_PHOTOGRAPHER / ARTIST / PHOTO_EDITOR,"anna texas, pet corner & community photos, community photos, image, photos, pet, corner, primary, local photography, visual storytelling",,OPEN,AI CANDIDATES + HUMAN SAVE,true,ANALYTICS-ISSUE-TEMPLATE-P48-PETS-IMAGE-01
ISSUE-TEMPLATE-P48-PETS-IMAGE-02,50,P48,Community Photos,IMAGE,PHOTO_OR_ARTWORK,Community Photos / DETAIL PHOTO,PRESS_PASS_PHOTOGRAPHER / ARTIST / PHOTO_EDITOR,"anna texas, pet corner & community photos, community photos, image, photos, pet, corner, detail, local photography, visual storytelling",,OPEN,AI CANDIDATES + HUMAN SAVE,true,ANALYTICS-ISSUE-TEMPLATE-P48-PETS-IMAGE-02
ISSUE-TEMPLATE-P48-PETS-IMAGE-03,50,P48,Community Photos,IMAGE,PHOTO_OR_ARTWORK,Community Photos / CONTEXT PHOTO,PRESS_PASS_PHOTOGRAPHER / ARTIST / PHOTO_EDITOR,"anna texas, pet corner & community photos, community photos, image, photos, pet, corner, context, local photography, visual storytelling",,OPEN,AI CANDIDATES + HUMAN SAVE,true,ANALYTICS-ISSUE-TEMPLATE-P48-PETS-IMAGE-03
ISSUE-TEMPLATE-P48-PETS-TEXT-01,50,P48,Community Photos,TEXT,ARTICLE_OR_COPY,Community Photos / NARRATIVE + CREDITS,PRESS_PASS_WRITER / SIERRA_GRACE_EDITOR,"anna texas, pet corner & community photos, community photos, text, photos, pet, corner, narrative, credits, local voices",150-450,OPEN,EDITORIAL_SELECTION,true,ANALYTICS-ISSUE-TEMPLATE-P48-PETS-TEXT-01
ISSUE-TEMPLATE-P49-HALF-04,51,P49,Pet Resources & Winners,AD,AD,HALF / AD_HALF,PRESS_PASS_WRITER / SIERRA_GRACE_EDITOR,"anna texas, pet corner & community photos, pet resources & winners, ad, pet, resources, winners, corner, photos, half",,DRAFT_ADMIN_REVIEW,PAID_PLACEMENT,false,ANALYTICS-ISSUE-TEMPLATE-P49-HALF-04
ISSUE-TEMPLATE-P49-PETS-IMAGE-01,51,P49,Pet Resources & Winners,IMAGE,PHOTO_OR_ARTWORK,Pet Resources & Winners / EDITORIAL IMAGE,PRESS_PASS_PHOTOGRAPHER / ARTIST / PHOTO_EDITOR,"anna texas, pet corner & community photos, pet resources & winners, image, pet, resources, winners, corner, photos, local photography",,OPEN,AI CANDIDATES + HUMAN SAVE,false,ANALYTICS-ISSUE-TEMPLATE-P49-PETS-IMAGE-01
ISSUE-TEMPLATE-P49-PETS-TEXT-01,51,P49,Pet Resources & Winners,TEXT,ARTICLE_OR_COPY,Pet Resources & Winners / EDITORIAL TEXT,PRESS_PASS_WRITER / SIERRA_GRACE_EDITOR,"anna texas, pet corner & community photos, pet resources & winners, text, pet, resources, winners, corner, photos, local voices",150-450,OPEN,VERIFIED_QUERY,false,ANALYTICS-ISSUE-TEMPLATE-P49-PETS-TEXT-01
ISSUE-TEMPLATE-P49-PETS-TEXT-02,51,P49,Pet Resources & Winners,TEXT,ARTICLE_OR_COPY,Pet Resources & Winners / CAPTION + SERVICE INFO,PRESS_PASS_WRITER / SIERRA_GRACE_EDITOR,"anna texas, pet corner & community photos, pet resources & winners, text, pet, resources, winners, corner, photos, caption",100-350,OPEN,VERIFIED_QUERY,false,ANALYTICS-ISSUE-TEMPLATE-P49-PETS-TEXT-02
ISSUE-TEMPLATE-P50-NEWCOMERS-IMAGE-01,52,P50,Newcomer Welcome: Meet Anna,IMAGE,PHOTO_OR_ARTWORK,Newcomer Welcome: Meet Anna / HERO IMAGE,PRESS_PASS_PHOTOGRAPHER / ARTIST / PHOTO_EDITOR,"anna texas, newcomer welcome, newcomer welcome: meet anna, image, newcomer, welcome, meet, hero, local photography, visual storytelling",,OPEN,AI CANDIDATES + HUMAN SAVE,false,ANALYTICS-ISSUE-TEMPLATE-P50-NEWCOMERS-IMAGE-01
ISSUE-TEMPLATE-P50-NEWCOMERS-TEXT-01,52,P50,Newcomer Welcome: Meet Anna,TEXT,ARTICLE_OR_COPY,Newcomer Welcome: Meet Anna / KICKER + HEADLINE + DECK,PRESS_PASS_WRITER / SIERRA_GRACE_EDITOR,"anna texas, newcomer welcome, newcomer welcome: meet anna, text, newcomer, welcome, meet, kicker, headline, deck",15-75,OPEN,VERIFIED_QUERY,false,ANALYTICS-ISSUE-TEMPLATE-P50-NEWCOMERS-TEXT-01
ISSUE-TEMPLATE-P50-NEWCOMERS-TEXT-02,52,P50,Newcomer Welcome: Meet Anna,TEXT,ARTICLE_OR_COPY,Newcomer Welcome: Meet Anna / OPENING COPY + BYLINE,PRESS_PASS_WRITER / SIERRA_GRACE_EDITOR,"anna texas, newcomer welcome, newcomer welcome: meet anna, text, newcomer, welcome, meet, byline, local voices, reported story",150-450,OPEN,VERIFIED_QUERY,false,ANALYTICS-ISSUE-TEMPLATE-P50-NEWCOMERS-TEXT-02
ISSUE-TEMPLATE-P51-NEWCOMERS-DATA-01,53,P51,Newcomer Guide & Introductions,DATA,VERIFIED_DATA_OR_GRAPHIC,"Newcomer Guide & Introductions / MAP, CHART OR CHECKLIST",PRESS_PASS_WRITER / SIERRA_GRACE_EDITOR,"anna texas, newcomer welcome, newcomer guide & introductions, data, newcomer, guide, introductions, welcome, map, chart",,OPEN,VERIFIED_QUERY,false,ANALYTICS-ISSUE-TEMPLATE-P51-NEWCOMERS-DATA-01
ISSUE-TEMPLATE-P51-NEWCOMERS-TEXT-01,53,P51,Newcomer Guide & Introductions,TEXT,ARTICLE_OR_COPY,Newcomer Guide & Introductions / EXPLAINER,PRESS_PASS_WRITER / SIERRA_GRACE_EDITOR,"anna texas, newcomer welcome, newcomer guide & introductions, text, newcomer, guide, introductions, welcome, explainer, local voices",150-450,OPEN,VERIFIED_QUERY,false,ANALYTICS-ISSUE-TEMPLATE-P51-NEWCOMERS-TEXT-01
ISSUE-TEMPLATE-P51-NEWCOMERS-TEXT-02,53,P51,Newcomer Guide & Introductions,TEXT,ARTICLE_OR_COPY,Newcomer Guide & Introductions / RESOURCE LIST,PRESS_PASS_WRITER / SIERRA_GRACE_EDITOR,"anna texas, newcomer welcome, newcomer guide & introductions, text, newcomer, guide, introductions, welcome, resource, local voices",100-350,OPEN,VERIFIED_QUERY,false,ANALYTICS-ISSUE-TEMPLATE-P51-NEWCOMERS-TEXT-02
ISSUE-TEMPLATE-P51-QUARTER-13,53,P51,Newcomer Guide & Introductions,AD,AD,QUARTER / AD_QUARTER,PRESS_PASS_WRITER / SIERRA_GRACE_EDITOR,"anna texas, newcomer welcome, newcomer guide & introductions, ad, newcomer, guide, introductions, welcome, quarter, local business",,DRAFT_ADMIN_REVIEW,PAID_PLACEMENT,false,ANALYTICS-ISSUE-TEMPLATE-P51-QUARTER-13
ISSUE-TEMPLATE-P51-QUARTER-14,53,P51,Newcomer Guide & Introductions,AD,AD,QUARTER / AD_QUARTER,PRESS_PASS_WRITER / SIERRA_GRACE_EDITOR,"anna texas, newcomer welcome, newcomer guide & introductions, ad, newcomer, guide, introductions, welcome, quarter, local business",,DRAFT_ADMIN_REVIEW,PAID_PLACEMENT,false,ANALYTICS-ISSUE-TEMPLATE-P51-QUARTER-14
ISSUE-TEMPLATE-P52-EIGHTH-01,54,P52,Coupon Clipper I,AD,AD,EIGHTH / AD_EIGHTH,PRESS_PASS_WRITER / SIERRA_GRACE_EDITOR,"anna texas, coupon clipper, promos & sponsors, coupon clipper i, ad, coupon, clipper, promos, sponsors, eighth, local business",,DRAFT_ADMIN_REVIEW,PAID_PLACEMENT,false,ANALYTICS-ISSUE-TEMPLATE-P52-EIGHTH-01
ISSUE-TEMPLATE-P52-EIGHTH-02,54,P52,Coupon Clipper I,AD,AD,EIGHTH / AD_EIGHTH,PRESS_PASS_WRITER / SIERRA_GRACE_EDITOR,"anna texas, coupon clipper, promos & sponsors, coupon clipper i, ad, coupon, clipper, promos, sponsors, eighth, local business",,DRAFT_ADMIN_REVIEW,PAID_PLACEMENT,false,ANALYTICS-ISSUE-TEMPLATE-P52-EIGHTH-02
ISSUE-TEMPLATE-P52-EIGHTH-03,54,P52,Coupon Clipper I,AD,AD,EIGHTH / AD_EIGHTH,PRESS_PASS_WRITER / SIERRA_GRACE_EDITOR,"anna texas, coupon clipper, promos & sponsors, coupon clipper i, ad, coupon, clipper, promos, sponsors, eighth, local business",,DRAFT_ADMIN_REVIEW,PAID_PLACEMENT,false,ANALYTICS-ISSUE-TEMPLATE-P52-EIGHTH-03
ISSUE-TEMPLATE-P52-EIGHTH-04,54,P52,Coupon Clipper I,AD,AD,EIGHTH / AD_EIGHTH,PRESS_PASS_WRITER / SIERRA_GRACE_EDITOR,"anna texas, coupon clipper, promos & sponsors, coupon clipper i, ad, coupon, clipper, promos, sponsors, eighth, local business",,DRAFT_ADMIN_REVIEW,PAID_PLACEMENT,false,ANALYTICS-ISSUE-TEMPLATE-P52-EIGHTH-04
ISSUE-TEMPLATE-P52-PROMOS-DATA-01,54,P52,Coupon Clipper I,DATA,VERIFIED_DATA_OR_GRAPHIC,Coupon Clipper I / COUPON INDEX + REDEMPTION QR,PRESS_PASS_WRITER / SIERRA_GRACE_EDITOR,"anna texas, coupon clipper, promos & sponsors, coupon clipper i, data, coupon, clipper, promos, sponsors, index, redemption",,OPEN,VERIFIED_QUERY,false,ANALYTICS-ISSUE-TEMPLATE-P52-PROMOS-DATA-01
ISSUE-TEMPLATE-P53-EIGHTH-05,55,P53,Coupon Clipper II,AD,AD,EIGHTH / AD_EIGHTH,PRESS_PASS_WRITER / SIERRA_GRACE_EDITOR,"anna texas, coupon clipper, promos & sponsors, coupon clipper ii, ad, coupon, clipper, promos, sponsors, eighth, local business",,DRAFT_ADMIN_REVIEW,PAID_PLACEMENT,false,ANALYTICS-ISSUE-TEMPLATE-P53-EIGHTH-05
ISSUE-TEMPLATE-P53-EIGHTH-06,55,P53,Coupon Clipper II,AD,AD,EIGHTH / AD_EIGHTH,PRESS_PASS_WRITER / SIERRA_GRACE_EDITOR,"anna texas, coupon clipper, promos & sponsors, coupon clipper ii, ad, coupon, clipper, promos, sponsors, eighth, local business",,DRAFT_ADMIN_REVIEW,PAID_PLACEMENT,false,ANALYTICS-ISSUE-TEMPLATE-P53-EIGHTH-06
ISSUE-TEMPLATE-P53-EIGHTH-07,55,P53,Coupon Clipper II,AD,AD,EIGHTH / AD_EIGHTH,PRESS_PASS_WRITER / SIERRA_GRACE_EDITOR,"anna texas, coupon clipper, promos & sponsors, coupon clipper ii, ad, coupon, clipper, promos, sponsors, eighth, local business",,DRAFT_ADMIN_REVIEW,PAID_PLACEMENT,false,ANALYTICS-ISSUE-TEMPLATE-P53-EIGHTH-07
ISSUE-TEMPLATE-P53-EIGHTH-08,55,P53,Coupon Clipper II,AD,AD,EIGHTH / AD_EIGHTH,PRESS_PASS_WRITER / SIERRA_GRACE_EDITOR,"anna texas, coupon clipper, promos & sponsors, coupon clipper ii, ad, coupon, clipper, promos, sponsors, eighth, local business",,DRAFT_ADMIN_REVIEW,PAID_PLACEMENT,false,ANALYTICS-ISSUE-TEMPLATE-P53-EIGHTH-08
ISSUE-TEMPLATE-P53-PROMOS-DATA-01,55,P53,Coupon Clipper II,DATA,VERIFIED_DATA_OR_GRAPHIC,Coupon Clipper II / COUPON INDEX + REDEMPTION QR,PRESS_PASS_WRITER / SIERRA_GRACE_EDITOR,"anna texas, coupon clipper, promos & sponsors, coupon clipper ii, data, coupon, clipper, promos, sponsors, index, redemption",,OPEN,VERIFIED_QUERY,false,ANALYTICS-ISSUE-TEMPLATE-P53-PROMOS-DATA-01
ISSUE-TEMPLATE-P54-PROMOS-DATA-01,56,P54,"Promos, Deals & Premier Affiliates",DATA,VERIFIED_DATA_OR_GRAPHIC,"Promos, Deals & Premier Affiliates / MAP, CHART OR CHECKLIST",PRESS_PASS_WRITER / SIERRA_GRACE_EDITOR,"anna texas, coupon clipper, promos & sponsors, promos, deals & premier affiliates, data, promos, deals, premier, affiliates, coupon, clipper",,OPEN,VERIFIED_QUERY,false,ANALYTICS-ISSUE-TEMPLATE-P54-PROMOS-DATA-01
ISSUE-TEMPLATE-P54-PROMOS-TEXT-01,56,P54,"Promos, Deals & Premier Affiliates",TEXT,ARTICLE_OR_COPY,"Promos, Deals & Premier Affiliates / EXPLAINER",PRESS_PASS_WRITER / SIERRA_GRACE_EDITOR,"anna texas, coupon clipper, promos & sponsors, promos, deals & premier affiliates, text, promos, deals, premier, affiliates, coupon, clipper",150-450,OPEN,VERIFIED_QUERY,false,ANALYTICS-ISSUE-TEMPLATE-P54-PROMOS-TEXT-01
ISSUE-TEMPLATE-P54-PROMOS-TEXT-02,56,P54,"Promos, Deals & Premier Affiliates",TEXT,ARTICLE_OR_COPY,"Promos, Deals & Premier Affiliates / RESOURCE LIST",PRESS_PASS_WRITER / SIERRA_GRACE_EDITOR,"anna texas, coupon clipper, promos & sponsors, promos, deals & premier affiliates, text, promos, deals, premier, affiliates, coupon, clipper",100-350,OPEN,VERIFIED_QUERY,false,ANALYTICS-ISSUE-TEMPLATE-P54-PROMOS-TEXT-02
ISSUE-TEMPLATE-P55-LOGO_2X2-01,57,P55,Magazine Sponsors,AD,AD,LOGO_2X2 / AD_LOGO_2X2,PRESS_PASS_WRITER / SIERRA_GRACE_EDITOR,"anna texas, coupon clipper, promos & sponsors, magazine sponsors, ad, magazine, sponsors, coupon, clipper, promos, logo",,DRAFT_ADMIN_REVIEW,PAID_PLACEMENT,false,ANALYTICS-ISSUE-TEMPLATE-P55-LOGO_2X2-01
ISSUE-TEMPLATE-P55-LOGO_2X2-02,57,P55,Magazine Sponsors,AD,AD,LOGO_2X2 / AD_LOGO_2X2,PRESS_PASS_WRITER / SIERRA_GRACE_EDITOR,"anna texas, coupon clipper, promos & sponsors, magazine sponsors, ad, magazine, sponsors, coupon, clipper, promos, logo",,DRAFT_ADMIN_REVIEW,PAID_PLACEMENT,false,ANALYTICS-ISSUE-TEMPLATE-P55-LOGO_2X2-02
ISSUE-TEMPLATE-P55-LOGO_2X2-03,57,P55,Magazine Sponsors,AD,AD,LOGO_2X2 / AD_LOGO_2X2,PRESS_PASS_WRITER / SIERRA_GRACE_EDITOR,"anna texas, coupon clipper, promos & sponsors, magazine sponsors, ad, magazine, sponsors, coupon, clipper, promos, logo",,DRAFT_ADMIN_REVIEW,PAID_PLACEMENT,false,ANALYTICS-ISSUE-TEMPLATE-P55-LOGO_2X2-03
ISSUE-TEMPLATE-P55-LOGO_2X2-04,57,P55,Magazine Sponsors,AD,AD,LOGO_2X2 / AD_LOGO_2X2,PRESS_PASS_WRITER / SIERRA_GRACE_EDITOR,"anna texas, coupon clipper, promos & sponsors, magazine sponsors, ad, magazine, sponsors, coupon, clipper, promos, logo",,DRAFT_ADMIN_REVIEW,PAID_PLACEMENT,false,ANALYTICS-ISSUE-TEMPLATE-P55-LOGO_2X2-04
ISSUE-TEMPLATE-P55-LOGO_2X2-05,57,P55,Magazine Sponsors,AD,AD,LOGO_2X2 / AD_LOGO_2X2,PRESS_PASS_WRITER / SIERRA_GRACE_EDITOR,"anna texas, coupon clipper, promos & sponsors, magazine sponsors, ad, magazine, sponsors, coupon, clipper, promos, logo",,DRAFT_ADMIN_REVIEW,PAID_PLACEMENT,false,ANALYTICS-ISSUE-TEMPLATE-P55-LOGO_2X2-05
ISSUE-TEMPLATE-P55-LOGO_2X2-06,57,P55,Magazine Sponsors,AD,AD,LOGO_2X2 / AD_LOGO_2X2,PRESS_PASS_WRITER / SIERRA_GRACE_EDITOR,"anna texas, coupon clipper, promos & sponsors, magazine sponsors, ad, magazine, sponsors, coupon, clipper, promos, logo",,DRAFT_ADMIN_REVIEW,PAID_PLACEMENT,false,ANALYTICS-ISSUE-TEMPLATE-P55-LOGO_2X2-06
ISSUE-TEMPLATE-P56-EIGHTH-09,58,P56,Newcomer Stories: The Arrival Moment,AD,AD,EIGHTH / AD_EIGHTH,PRESS_PASS_WRITER / SIERRA_GRACE_EDITOR,"anna texas, newcomers & belonging, newcomer stories: the arrival moment, ad, newcomer, stories, arrival, moment, newcomers, belonging",,DRAFT_ADMIN_REVIEW,PAID_PLACEMENT,false,ANALYTICS-ISSUE-TEMPLATE-P56-EIGHTH-09
ISSUE-TEMPLATE-P56-EIGHTH-10,58,P56,Newcomer Stories: The Arrival Moment,AD,AD,EIGHTH / AD_EIGHTH,PRESS_PASS_WRITER / SIERRA_GRACE_EDITOR,"anna texas, newcomers & belonging, newcomer stories: the arrival moment, ad, newcomer, stories, arrival, moment, newcomers, belonging",,DRAFT_ADMIN_REVIEW,PAID_PLACEMENT,false,ANALYTICS-ISSUE-TEMPLATE-P56-EIGHTH-10
ISSUE-TEMPLATE-P56-EIGHTH-11,58,P56,Newcomer Stories: The Arrival Moment,AD,AD,EIGHTH / AD_EIGHTH,PRESS_PASS_WRITER / SIERRA_GRACE_EDITOR,"anna texas, newcomers & belonging, newcomer stories: the arrival moment, ad, newcomer, stories, arrival, moment, newcomers, belonging",,DRAFT_ADMIN_REVIEW,PAID_PLACEMENT,false,ANALYTICS-ISSUE-TEMPLATE-P56-EIGHTH-11
ISSUE-TEMPLATE-P56-EIGHTH-12,58,P56,Newcomer Stories: The Arrival Moment,AD,AD,EIGHTH / AD_EIGHTH,PRESS_PASS_WRITER / SIERRA_GRACE_EDITOR,"anna texas, newcomers & belonging, newcomer stories: the arrival moment, ad, newcomer, stories, arrival, moment, newcomers, belonging",,DRAFT_ADMIN_REVIEW,PAID_PLACEMENT,false,ANALYTICS-ISSUE-TEMPLATE-P56-EIGHTH-12
ISSUE-TEMPLATE-P56-NEWCOMERS-TEXT-01,58,P56,Newcomer Stories: The Arrival Moment,TEXT,ARTICLE_OR_COPY,NEWCOMER STORIES: THE ARRIVAL MOMENT / EDITORIAL BODY,PRESS_PASS_WRITER / SIERRA_GRACE_EDITOR,"anna texas, newcomers & belonging, newcomer stories: the arrival moment, text, newcomer, stories, arrival, moment, newcomers, belonging",400-800,OPEN,EDITORIAL_SELECTION,true,ANALYTICS-ISSUE-TEMPLATE-P56-NEWCOMERS-TEXT-01
ISSUE-TEMPLATE-P57-JOBS-TEXT-01,59,P57,Anna Job Center: Who Is Hiring,TEXT,ARTICLE_OR_COPY,ANNA JOB CENTER: WHO IS HIRING / EDITORIAL BODY,PRESS_PASS_WRITER / SIERRA_GRACE_EDITOR,"anna texas, jobs & careers, anna job center: who is hiring, text, job, center, who, hiring, jobs, careers","700-1,200",OPEN,EDITORIAL_SELECTION,true,ANALYTICS-ISSUE-TEMPLATE-P57-JOBS-TEXT-01
ISSUE-TEMPLATE-P57-THIRD_VERTICAL-06,59,P57,Anna Job Center: Who Is Hiring,AD,AD,THIRD_VERTICAL / AD_THIRD_VERTICAL,PRESS_PASS_WRITER / SIERRA_GRACE_EDITOR,"anna texas, jobs & careers, anna job center: who is hiring, ad, job, center, who, hiring, jobs, careers",,DRAFT_ADMIN_REVIEW,PAID_PLACEMENT,false,ANALYTICS-ISSUE-TEMPLATE-P57-THIRD_VERTICAL-06
ISSUE-TEMPLATE-P58-CLASSIFIEDS-TEXT-01,60,P58,"For Sale, Free & Wanted",TEXT,ARTICLE_OR_COPY,"FOR SALE, FREE & WANTED / EDITORIAL BODY",PRESS_PASS_WRITER / SIERRA_GRACE_EDITOR,"anna texas, neighbor marketplace, for sale, free & wanted, text, sale, free, wanted, neighbor, marketplace, local voices",400-800,OPEN,EDITORIAL_SELECTION,true,ANALYTICS-ISSUE-TEMPLATE-P58-CLASSIFIEDS-TEXT-01
ISSUE-TEMPLATE-P58-EIGHTH-13,60,P58,"For Sale, Free & Wanted",AD,AD,EIGHTH / AD_EIGHTH,PRESS_PASS_WRITER / SIERRA_GRACE_EDITOR,"anna texas, neighbor marketplace, for sale, free & wanted, ad, sale, free, wanted, neighbor, marketplace, eighth",,DRAFT_ADMIN_REVIEW,PAID_PLACEMENT,false,ANALYTICS-ISSUE-TEMPLATE-P58-EIGHTH-13
ISSUE-TEMPLATE-P58-EIGHTH-14,60,P58,"For Sale, Free & Wanted",AD,AD,EIGHTH / AD_EIGHTH,PRESS_PASS_WRITER / SIERRA_GRACE_EDITOR,"anna texas, neighbor marketplace, for sale, free & wanted, ad, sale, free, wanted, neighbor, marketplace, eighth",,DRAFT_ADMIN_REVIEW,PAID_PLACEMENT,false,ANALYTICS-ISSUE-TEMPLATE-P58-EIGHTH-14
ISSUE-TEMPLATE-P58-EIGHTH-15,60,P58,"For Sale, Free & Wanted",AD,AD,EIGHTH / AD_EIGHTH,PRESS_PASS_WRITER / SIERRA_GRACE_EDITOR,"anna texas, neighbor marketplace, for sale, free & wanted, ad, sale, free, wanted, neighbor, marketplace, eighth",,DRAFT_ADMIN_REVIEW,PAID_PLACEMENT,false,ANALYTICS-ISSUE-TEMPLATE-P58-EIGHTH-15
ISSUE-TEMPLATE-P58-EIGHTH-16,60,P58,"For Sale, Free & Wanted",AD,AD,EIGHTH / AD_EIGHTH,PRESS_PASS_WRITER / SIERRA_GRACE_EDITOR,"anna texas, neighbor marketplace, for sale, free & wanted, ad, sale, free, wanted, neighbor, marketplace, eighth",,DRAFT_ADMIN_REVIEW,PAID_PLACEMENT,false,ANALYTICS-ISSUE-TEMPLATE-P58-EIGHTH-16
ISSUE-TEMPLATE-P59-MATCHMAKER-TEXT-01,61,P59,People Looking for What You Offer,TEXT,ARTICLE_OR_COPY,PEOPLE LOOKING FOR WHAT YOU OFFER / EDITORIAL BODY,PRESS_PASS_WRITER / SIERRA_GRACE_EDITOR,"anna texas, townelife matchmaker, people looking for what you offer, text, people, looking, what, you, offer, townelife",400-800,OPEN,EDITORIAL_SELECTION,true,ANALYTICS-ISSUE-TEMPLATE-P59-MATCHMAKER-TEXT-01
ISSUE-TEMPLATE-P59-QUARTER-15,61,P59,People Looking for What You Offer,AD,AD,QUARTER / AD_QUARTER,PRESS_PASS_WRITER / SIERRA_GRACE_EDITOR,"anna texas, townelife matchmaker, people looking for what you offer, ad, people, looking, what, you, offer, townelife",,DRAFT_ADMIN_REVIEW,PAID_PLACEMENT,false,ANALYTICS-ISSUE-TEMPLATE-P59-QUARTER-15
ISSUE-TEMPLATE-P59-QUARTER-16,61,P59,People Looking for What You Offer,AD,AD,QUARTER / AD_QUARTER,PRESS_PASS_WRITER / SIERRA_GRACE_EDITOR,"anna texas, townelife matchmaker, people looking for what you offer, ad, people, looking, what, you, offer, townelife",,DRAFT_ADMIN_REVIEW,PAID_PLACEMENT,false,ANALYTICS-ISSUE-TEMPLATE-P59-QUARTER-16
ISSUE-TEMPLATE-P60-HISTORY-TEXT-01,62,P60,The Living Timeline Opens,TEXT,ARTICLE_OR_COPY,THE LIVING TIMELINE OPENS / EDITORIAL BODY,PRESS_PASS_WRITER / SIERRA_GRACE_EDITOR,"anna texas, anna was here, the living timeline opens, text, living, timeline, opens, was, here, local voices","700-1,200",OPEN,EDITORIAL_SELECTION,true,ANALYTICS-ISSUE-TEMPLATE-P60-HISTORY-TEXT-01
ISSUE-TEMPLATE-P61-HISTORY-TEXT-01,63,P61,John F. Greer: Research Dossier,TEXT,ARTICLE_OR_COPY,JOHN F. GREER: RESEARCH DOSSIER / EDITORIAL BODY,PRESS_PASS_WRITER / SIERRA_GRACE_EDITOR,"anna texas, anna was here, john f. greer: research dossier, text, john, greer, research, dossier, was, here","700-1,200",OPEN,EDITORIAL_SELECTION,true,ANALYTICS-ISSUE-TEMPLATE-P61-HISTORY-TEXT-01
ISSUE-TEMPLATE-P62-HISTORY-TEXT-01,64,P62,"Railroad, Roads & the Town That Was Coming",TEXT,ARTICLE_OR_COPY,"RAILROAD, ROADS & THE TOWN THAT WAS COMING / EDITORIAL BODY",PRESS_PASS_WRITER / SIERRA_GRACE_EDITOR,"anna texas, anna was here, railroad, roads & the town that was coming, text, railroad, roads, town, was, coming, here","700-1,200",OPEN,EDITORIAL_SELECTION,true,ANALYTICS-ISSUE-TEMPLATE-P62-HISTORY-TEXT-01
ISSUE-TEMPLATE-P63-HISTORY-TEXT-01,65,P63,Businesses Anna Built and Rebuilt,TEXT,ARTICLE_OR_COPY,BUSINESSES ANNA BUILT AND REBUILT / EDITORIAL BODY,PRESS_PASS_WRITER / SIERRA_GRACE_EDITOR,"anna texas, anna was here, businesses anna built and rebuilt, text, businesses, built, rebuilt, was, here, local voices","700-1,200",OPEN,EDITORIAL_SELECTION,true,ANALYTICS-ISSUE-TEMPLATE-P63-HISTORY-TEXT-01
ISSUE-TEMPLATE-P64-HISTORY-TEXT-01,66,P64,"Weather, Fire, War & Recovery",TEXT,ARTICLE_OR_COPY,"WEATHER, FIRE, WAR & RECOVERY / EDITORIAL BODY",PRESS_PASS_WRITER / SIERRA_GRACE_EDITOR,"anna texas, anna was here, weather, fire, war & recovery, text, weather, fire, war, recovery, was, here","700-1,200",OPEN,EDITORIAL_SELECTION,true,ANALYTICS-ISSUE-TEMPLATE-P64-HISTORY-TEXT-01
ISSUE-TEMPLATE-P65-HISTORY-TEXT-01,67,P65,Firsthand Memory: I Was There,TEXT,ARTICLE_OR_COPY,FIRSTHAND MEMORY: I WAS THERE / EDITORIAL BODY,PRESS_PASS_WRITER / SIERRA_GRACE_EDITOR,"anna texas, anna was here, firsthand memory: i was there, text, firsthand, memory, was, there, here, local voices","700-1,200",OPEN,EDITORIAL_SELECTION,true,ANALYTICS-ISSUE-TEMPLATE-P65-HISTORY-TEXT-01
ISSUE-TEMPLATE-P65-THIRD_VERTICAL-07,67,P65,Firsthand Memory: I Was There,AD,AD,THIRD_VERTICAL / AD_THIRD_VERTICAL,PRESS_PASS_WRITER / SIERRA_GRACE_EDITOR,"anna texas, anna was here, firsthand memory: i was there, ad, firsthand, memory, was, there, here, third",,DRAFT_ADMIN_REVIEW,PAID_PLACEMENT,false,ANALYTICS-ISSUE-TEMPLATE-P65-THIRD_VERTICAL-07
ISSUE-TEMPLATE-P66-FAITH-TEXT-01,68,P66,Faith Communities & Spiritual Belonging,TEXT,ARTICLE_OR_COPY,FAITH COMMUNITIES & SPIRITUAL BELONGING / EDITORIAL BODY,PRESS_PASS_WRITER / SIERRA_GRACE_EDITOR,"anna texas, faith & belonging, faith communities & spiritual belonging, text, faith, communities, spiritual, belonging, local voices, reported story","700-1,200",OPEN,EDITORIAL_SELECTION,true,ANALYTICS-ISSUE-TEMPLATE-P66-FAITH-TEXT-01
ISSUE-TEMPLATE-P67-FAMILY-TEXT-01,69,P67,"Family, Parenting & Youth Resources",TEXT,ARTICLE_OR_COPY,"FAMILY, PARENTING & YOUTH RESOURCES / EDITORIAL BODY",PRESS_PASS_WRITER / SIERRA_GRACE_EDITOR,"anna texas, family & youth, family, parenting & youth resources, text, family, parenting, youth, resources, local voices, reported story",400-800,OPEN,EDITORIAL_SELECTION,true,ANALYTICS-ISSUE-TEMPLATE-P67-FAMILY-TEXT-01
ISSUE-TEMPLATE-P67-QUARTER-17,69,P67,"Family, Parenting & Youth Resources",AD,AD,QUARTER / AD_QUARTER,PRESS_PASS_WRITER / SIERRA_GRACE_EDITOR,"anna texas, family & youth, family, parenting & youth resources, ad, family, parenting, youth, resources, quarter, local business",,DRAFT_ADMIN_REVIEW,PAID_PLACEMENT,false,ANALYTICS-ISSUE-TEMPLATE-P67-QUARTER-17
ISSUE-TEMPLATE-P67-QUARTER-18,69,P67,"Family, Parenting & Youth Resources",AD,AD,QUARTER / AD_QUARTER,PRESS_PASS_WRITER / SIERRA_GRACE_EDITOR,"anna texas, family & youth, family, parenting & youth resources, ad, family, parenting, youth, resources, quarter, local business",,DRAFT_ADMIN_REVIEW,PAID_PLACEMENT,false,ANALYTICS-ISSUE-TEMPLATE-P67-QUARTER-18
ISSUE-TEMPLATE-P68-WELLNESS-TEXT-01,70,P68,"Health, Wellness & Emotional Support",TEXT,ARTICLE_OR_COPY,"HEALTH, WELLNESS & EMOTIONAL SUPPORT / EDITORIAL BODY",PRESS_PASS_WRITER / SIERRA_GRACE_EDITOR,"anna texas, health & wellness, health, wellness & emotional support, text, health, wellness, emotional, support, local voices, reported story","700-1,200",OPEN,EDITORIAL_SELECTION,true,ANALYTICS-ISSUE-TEMPLATE-P68-WELLNESS-TEXT-01
ISSUE-TEMPLATE-P69-LOGO_2X2-07,71,P69,Help Is Here: Anna Resource Map,AD,AD,LOGO_2X2 / AD_LOGO_2X2,PRESS_PASS_WRITER / SIERRA_GRACE_EDITOR,"anna texas, nonprofits & help, help is here: anna resource map, ad, help, here, resource, map, nonprofits, logo",,DRAFT_ADMIN_REVIEW,PAID_PLACEMENT,false,ANALYTICS-ISSUE-TEMPLATE-P69-LOGO_2X2-07
ISSUE-TEMPLATE-P69-LOGO_2X2-08,71,P69,Help Is Here: Anna Resource Map,AD,AD,LOGO_2X2 / AD_LOGO_2X2,PRESS_PASS_WRITER / SIERRA_GRACE_EDITOR,"anna texas, nonprofits & help, help is here: anna resource map, ad, help, here, resource, map, nonprofits, logo",,DRAFT_ADMIN_REVIEW,PAID_PLACEMENT,false,ANALYTICS-ISSUE-TEMPLATE-P69-LOGO_2X2-08
ISSUE-TEMPLATE-P69-LOGO_2X2-09,71,P69,Help Is Here: Anna Resource Map,AD,AD,LOGO_2X2 / AD_LOGO_2X2,PRESS_PASS_WRITER / SIERRA_GRACE_EDITOR,"anna texas, nonprofits & help, help is here: anna resource map, ad, help, here, resource, map, nonprofits, logo",,DRAFT_ADMIN_REVIEW,PAID_PLACEMENT,false,ANALYTICS-ISSUE-TEMPLATE-P69-LOGO_2X2-09
ISSUE-TEMPLATE-P69-LOGO_2X2-10,71,P69,Help Is Here: Anna Resource Map,AD,AD,LOGO_2X2 / AD_LOGO_2X2,PRESS_PASS_WRITER / SIERRA_GRACE_EDITOR,"anna texas, nonprofits & help, help is here: anna resource map, ad, help, here, resource, map, nonprofits, logo",,DRAFT_ADMIN_REVIEW,PAID_PLACEMENT,false,ANALYTICS-ISSUE-TEMPLATE-P69-LOGO_2X2-10
ISSUE-TEMPLATE-P69-LOGO_2X2-11,71,P69,Help Is Here: Anna Resource Map,AD,AD,LOGO_2X2 / AD_LOGO_2X2,PRESS_PASS_WRITER / SIERRA_GRACE_EDITOR,"anna texas, nonprofits & help, help is here: anna resource map, ad, help, here, resource, map, nonprofits, logo",,DRAFT_ADMIN_REVIEW,PAID_PLACEMENT,false,ANALYTICS-ISSUE-TEMPLATE-P69-LOGO_2X2-11
ISSUE-TEMPLATE-P69-LOGO_2X2-12,71,P69,Help Is Here: Anna Resource Map,AD,AD,LOGO_2X2 / AD_LOGO_2X2,PRESS_PASS_WRITER / SIERRA_GRACE_EDITOR,"anna texas, nonprofits & help, help is here: anna resource map, ad, help, here, resource, map, nonprofits, logo",,DRAFT_ADMIN_REVIEW,PAID_PLACEMENT,false,ANALYTICS-ISSUE-TEMPLATE-P69-LOGO_2X2-12
ISSUE-TEMPLATE-P69-NONPROFIT-TEXT-01,71,P69,Help Is Here: Anna Resource Map,TEXT,ARTICLE_OR_COPY,HELP IS HERE: ANNA RESOURCE MAP / EDITORIAL BODY,PRESS_PASS_WRITER / SIERRA_GRACE_EDITOR,"anna texas, nonprofits & help, help is here: anna resource map, text, help, here, resource, map, nonprofits, local voices",400-800,OPEN,EDITORIAL_SELECTION,true,ANALYTICS-ISSUE-TEMPLATE-P69-NONPROFIT-TEXT-01
ISSUE-TEMPLATE-P70-EIGHTH-17,72,P70,"Kitchens, Makers & Markets",AD,AD,EIGHTH / AD_EIGHTH,PRESS_PASS_WRITER / SIERRA_GRACE_EDITOR,"anna texas, local flavor, kitchens, makers & markets, ad, kitchens, makers, markets, local, flavor, eighth",,DRAFT_ADMIN_REVIEW,PAID_PLACEMENT,false,ANALYTICS-ISSUE-TEMPLATE-P70-EIGHTH-17
ISSUE-TEMPLATE-P70-EIGHTH-18,72,P70,"Kitchens, Makers & Markets",AD,AD,EIGHTH / AD_EIGHTH,PRESS_PASS_WRITER / SIERRA_GRACE_EDITOR,"anna texas, local flavor, kitchens, makers & markets, ad, kitchens, makers, markets, local, flavor, eighth",,DRAFT_ADMIN_REVIEW,PAID_PLACEMENT,false,ANALYTICS-ISSUE-TEMPLATE-P70-EIGHTH-18
ISSUE-TEMPLATE-P70-EIGHTH-19,72,P70,"Kitchens, Makers & Markets",AD,AD,EIGHTH / AD_EIGHTH,PRESS_PASS_WRITER / SIERRA_GRACE_EDITOR,"anna texas, local flavor, kitchens, makers & markets, ad, kitchens, makers, markets, local, flavor, eighth",,DRAFT_ADMIN_REVIEW,PAID_PLACEMENT,false,ANALYTICS-ISSUE-TEMPLATE-P70-EIGHTH-19
ISSUE-TEMPLATE-P70-EIGHTH-20,72,P70,"Kitchens, Makers & Markets",AD,AD,EIGHTH / AD_EIGHTH,PRESS_PASS_WRITER / SIERRA_GRACE_EDITOR,"anna texas, local flavor, kitchens, makers & markets, ad, kitchens, makers, markets, local, flavor, eighth",,DRAFT_ADMIN_REVIEW,PAID_PLACEMENT,false,ANALYTICS-ISSUE-TEMPLATE-P70-EIGHTH-20
ISSUE-TEMPLATE-P70-FOOD-TEXT-01,72,P70,"Kitchens, Makers & Markets",TEXT,ARTICLE_OR_COPY,"KITCHENS, MAKERS & MARKETS / EDITORIAL BODY",PRESS_PASS_WRITER / SIERRA_GRACE_EDITOR,"anna texas, local flavor, kitchens, makers & markets, text, kitchens, makers, markets, local, flavor, local voices",400-800,OPEN,EDITORIAL_SELECTION,true,ANALYTICS-ISSUE-TEMPLATE-P70-FOOD-TEXT-01
ISSUE-TEMPLATE-P71-HOME-TEXT-01,73,P71,"Neighborhoods, Housing & New Construction",TEXT,ARTICLE_OR_COPY,"NEIGHBORHOODS, HOUSING & NEW CONSTRUCTION / EDITORIAL BODY",PRESS_PASS_WRITER / SIERRA_GRACE_EDITOR,"anna texas, home & neighborhoods, neighborhoods, housing & new construction, text, neighborhoods, housing, new, construction, home, local voices","700-1,200",OPEN,EDITORIAL_SELECTION,true,ANALYTICS-ISSUE-TEMPLATE-P71-HOME-TEXT-01
ISSUE-TEMPLATE-P72-SERVICES-TEXT-01,74,P72,Recommendations Answered by Local Providers,TEXT,ARTICLE_OR_COPY,RECOMMENDATIONS ANSWERED BY LOCAL PROVIDERS / EDITORIAL BODY,PRESS_PASS_WRITER / SIERRA_GRACE_EDITOR,"anna texas, trusted services, recommendations answered by local providers, text, recommendations, answered, local, providers, trusted, services","700-1,200",OPEN,EDITORIAL_SELECTION,true,ANALYTICS-ISSUE-TEMPLATE-P72-SERVICES-TEXT-01
ISSUE-TEMPLATE-P73-CIVIC-TEXT-01,75,P73,"How Anna Works: Leadership, Boards & Plans",TEXT,ARTICLE_OR_COPY,"HOW ANNA WORKS: LEADERSHIP, BOARDS & PLANS / EDITORIAL BODY",PRESS_PASS_WRITER / SIERRA_GRACE_EDITOR,"anna texas, civic life, how anna works: leadership, boards & plans, text, how, works, leadership, boards, plans, civic","700-1,200",OPEN,EDITORIAL_SELECTION,true,ANALYTICS-ISSUE-TEMPLATE-P73-CIVIC-TEXT-01
ISSUE-TEMPLATE-P73-THIRD_VERTICAL-08,75,P73,"How Anna Works: Leadership, Boards & Plans",AD,AD,THIRD_VERTICAL / AD_THIRD_VERTICAL,PRESS_PASS_WRITER / SIERRA_GRACE_EDITOR,"anna texas, civic life, how anna works: leadership, boards & plans, ad, how, works, leadership, boards, plans, civic",,DRAFT_ADMIN_REVIEW,PAID_PLACEMENT,false,ANALYTICS-ISSUE-TEMPLATE-P73-THIRD_VERTICAL-08
ISSUE-TEMPLATE-P74-ECONOMY-TEXT-01,76,P74,"Needs, Offers & Gaps",TEXT,ARTICLE_OR_COPY,"NEEDS, OFFERS & GAPS / EDITORIAL BODY",PRESS_PASS_WRITER / SIERRA_GRACE_EDITOR,"anna texas, community economy, needs, offers & gaps, text, needs, offers, gaps, economy, local voices, reported story","700-1,200",OPEN,EDITORIAL_SELECTION,true,ANALYTICS-ISSUE-TEMPLATE-P74-ECONOMY-TEXT-01
ISSUE-TEMPLATE-P75-MARKETPLACE-TEXT-01,77,P75,"Art, Products & Creative Services",TEXT,ARTICLE_OR_COPY,"ART, PRODUCTS & CREATIVE SERVICES / EDITORIAL BODY",PRESS_PASS_WRITER / SIERRA_GRACE_EDITOR,"anna texas, artist & maker marketplace, art, products & creative services, text, art, products, creative, services, artist, maker","700-1,200",OPEN,EDITORIAL_SELECTION,true,ANALYTICS-ISSUE-TEMPLATE-P75-MARKETPLACE-TEXT-01
ISSUE-TEMPLATE-P76-EIGHTH-21,78,P76,"Business Deals, Promos & Welcome Gifts",AD,AD,EIGHTH / AD_EIGHTH,PRESS_PASS_WRITER / SIERRA_GRACE_EDITOR,"anna texas, deals & welcome gifts, business deals, promos & welcome gifts, ad, business, deals, promos, welcome, gifts, eighth",,DRAFT_ADMIN_REVIEW,PAID_PLACEMENT,false,ANALYTICS-ISSUE-TEMPLATE-P76-EIGHTH-21
ISSUE-TEMPLATE-P76-EIGHTH-22,78,P76,"Business Deals, Promos & Welcome Gifts",AD,AD,EIGHTH / AD_EIGHTH,PRESS_PASS_WRITER / SIERRA_GRACE_EDITOR,"anna texas, deals & welcome gifts, business deals, promos & welcome gifts, ad, business, deals, promos, welcome, gifts, eighth",,DRAFT_ADMIN_REVIEW,PAID_PLACEMENT,false,ANALYTICS-ISSUE-TEMPLATE-P76-EIGHTH-22
ISSUE-TEMPLATE-P76-EIGHTH-23,78,P76,"Business Deals, Promos & Welcome Gifts",AD,AD,EIGHTH / AD_EIGHTH,PRESS_PASS_WRITER / SIERRA_GRACE_EDITOR,"anna texas, deals & welcome gifts, business deals, promos & welcome gifts, ad, business, deals, promos, welcome, gifts, eighth",,DRAFT_ADMIN_REVIEW,PAID_PLACEMENT,false,ANALYTICS-ISSUE-TEMPLATE-P76-EIGHTH-23
ISSUE-TEMPLATE-P76-EIGHTH-24,78,P76,"Business Deals, Promos & Welcome Gifts",AD,AD,EIGHTH / AD_EIGHTH,PRESS_PASS_WRITER / SIERRA_GRACE_EDITOR,"anna texas, deals & welcome gifts, business deals, promos & welcome gifts, ad, business, deals, promos, welcome, gifts, eighth",,DRAFT_ADMIN_REVIEW,PAID_PLACEMENT,false,ANALYTICS-ISSUE-TEMPLATE-P76-EIGHTH-24
ISSUE-TEMPLATE-P76-PROMOS-TEXT-01,78,P76,"Business Deals, Promos & Welcome Gifts",TEXT,ARTICLE_OR_COPY,"BUSINESS DEALS, PROMOS & WELCOME GIFTS / EDITORIAL BODY",PRESS_PASS_WRITER / SIERRA_GRACE_EDITOR,"anna texas, deals & welcome gifts, business deals, promos & welcome gifts, text, business, deals, promos, welcome, gifts, local voices",400-800,OPEN,EDITORIAL_SELECTION,true,ANALYTICS-ISSUE-TEMPLATE-P76-PROMOS-TEXT-01
ISSUE-TEMPLATE-P77-COMMUNITY-TEXT-01,79,P77,"Community Photos, Kind Deeds & Nominations",TEXT,ARTICLE_OR_COPY,"COMMUNITY PHOTOS, KIND DEEDS & NOMINATIONS / EDITORIAL BODY",PRESS_PASS_WRITER / SIERRA_GRACE_EDITOR,"anna texas, community life, community photos, kind deeds & nominations, text, photos, kind, deeds, nominations, life, local voices","700-1,200",OPEN,EDITORIAL_SELECTION,true,ANALYTICS-ISSUE-TEMPLATE-P77-COMMUNITY-TEXT-01
ISSUE-TEMPLATE-P77-QUARTER-19,79,P77,"Community Photos, Kind Deeds & Nominations",AD,AD,QUARTER / AD_QUARTER,PRESS_PASS_WRITER / SIERRA_GRACE_EDITOR,"anna texas, community life, community photos, kind deeds & nominations, ad, photos, kind, deeds, nominations, life, quarter",,DRAFT_ADMIN_REVIEW,PAID_PLACEMENT,false,ANALYTICS-ISSUE-TEMPLATE-P77-QUARTER-19
ISSUE-TEMPLATE-P78-CONTRIBUTORS-TEXT-01,80,P78,"Stories, Photos & Art Needed",TEXT,ARTICLE_OR_COPY,"STORIES, PHOTOS & ART NEEDED / EDITORIAL BODY",PRESS_PASS_WRITER / SIERRA_GRACE_EDITOR,"anna texas, contributor house, stories, photos & art needed, text, stories, photos, art, contributor, house, local voices",400-800,OPEN,EDITORIAL_SELECTION,true,ANALYTICS-ISSUE-TEMPLATE-P78-CONTRIBUTORS-TEXT-01
ISSUE-TEMPLATE-P78-LOGO_2X2-13,80,P78,"Stories, Photos & Art Needed",AD,AD,LOGO_2X2 / AD_LOGO_2X2,PRESS_PASS_WRITER / SIERRA_GRACE_EDITOR,"anna texas, contributor house, stories, photos & art needed, ad, stories, photos, art, contributor, house, logo",,DRAFT_ADMIN_REVIEW,PAID_PLACEMENT,false,ANALYTICS-ISSUE-TEMPLATE-P78-LOGO_2X2-13
ISSUE-TEMPLATE-P78-LOGO_2X2-14,80,P78,"Stories, Photos & Art Needed",AD,AD,LOGO_2X2 / AD_LOGO_2X2,PRESS_PASS_WRITER / SIERRA_GRACE_EDITOR,"anna texas, contributor house, stories, photos & art needed, ad, stories, photos, art, contributor, house, logo",,DRAFT_ADMIN_REVIEW,PAID_PLACEMENT,false,ANALYTICS-ISSUE-TEMPLATE-P78-LOGO_2X2-14
ISSUE-TEMPLATE-P78-LOGO_2X2-15,80,P78,"Stories, Photos & Art Needed",AD,AD,LOGO_2X2 / AD_LOGO_2X2,PRESS_PASS_WRITER / SIERRA_GRACE_EDITOR,"anna texas, contributor house, stories, photos & art needed, ad, stories, photos, art, contributor, house, logo",,DRAFT_ADMIN_REVIEW,PAID_PLACEMENT,false,ANALYTICS-ISSUE-TEMPLATE-P78-LOGO_2X2-15
ISSUE-TEMPLATE-P78-LOGO_2X2-16,80,P78,"Stories, Photos & Art Needed",AD,AD,LOGO_2X2 / AD_LOGO_2X2,PRESS_PASS_WRITER / SIERRA_GRACE_EDITOR,"anna texas, contributor house, stories, photos & art needed, ad, stories, photos, art, contributor, house, logo",,DRAFT_ADMIN_REVIEW,PAID_PLACEMENT,false,ANALYTICS-ISSUE-TEMPLATE-P78-LOGO_2X2-16
ISSUE-TEMPLATE-P78-LOGO_2X2-17,80,P78,"Stories, Photos & Art Needed",AD,AD,LOGO_2X2 / AD_LOGO_2X2,PRESS_PASS_WRITER / SIERRA_GRACE_EDITOR,"anna texas, contributor house, stories, photos & art needed, ad, stories, photos, art, contributor, house, logo",,DRAFT_ADMIN_REVIEW,PAID_PLACEMENT,false,ANALYTICS-ISSUE-TEMPLATE-P78-LOGO_2X2-17
ISSUE-TEMPLATE-P78-LOGO_2X2-18,80,P78,"Stories, Photos & Art Needed",AD,AD,LOGO_2X2 / AD_LOGO_2X2,PRESS_PASS_WRITER / SIERRA_GRACE_EDITOR,"anna texas, contributor house, stories, photos & art needed, ad, stories, photos, art, contributor, house, logo",,DRAFT_ADMIN_REVIEW,PAID_PLACEMENT,false,ANALYTICS-ISSUE-TEMPLATE-P78-LOGO_2X2-18
ISSUE-TEMPLATE-P79-FULL-05,81,P79,Founding Partner Full-Page Position,AD,AD,FULL / AD_FULL,PRESS_PASS_WRITER / SIERRA_GRACE_EDITOR,"anna texas, moment keepers, founding partner full-page position, ad, founding, partner, full-page, position, moment, keepers",,DRAFT_ADMIN_REVIEW,PAID_PLACEMENT,false,ANALYTICS-ISSUE-TEMPLATE-P79-FULL-05
ISSUE-TEMPLATE-P80-VOICES-IMAGE-01,82,P80,Voices of Anna: Opening Essay,IMAGE,PHOTO_OR_ARTWORK,Voices of Anna: Opening Essay / HERO IMAGE,PRESS_PASS_PHOTOGRAPHER / ARTIST / PHOTO_EDITOR,"anna texas, voices & requests for submission, voices of anna: opening essay, image, voices, essay, requests, submission, hero, local photography",,OPEN,AI CANDIDATES + HUMAN SAVE,true,ANALYTICS-ISSUE-TEMPLATE-P80-VOICES-IMAGE-01
ISSUE-TEMPLATE-P80-VOICES-TEXT-01,82,P80,Voices of Anna: Opening Essay,TEXT,ARTICLE_OR_COPY,Voices of Anna: Opening Essay / KICKER + HEADLINE + DECK,PRESS_PASS_WRITER / SIERRA_GRACE_EDITOR,"anna texas, voices & requests for submission, voices of anna: opening essay, text, voices, essay, requests, submission, kicker, headline",15-75,OPEN,EDITORIAL_SELECTION,true,ANALYTICS-ISSUE-TEMPLATE-P80-VOICES-TEXT-01
ISSUE-TEMPLATE-P80-VOICES-TEXT-02,82,P80,Voices of Anna: Opening Essay,TEXT,ARTICLE_OR_COPY,Voices of Anna: Opening Essay / OPENING COPY + BYLINE,PRESS_PASS_WRITER / SIERRA_GRACE_EDITOR,"anna texas, voices & requests for submission, voices of anna: opening essay, text, voices, essay, requests, submission, byline, local voices",150-450,OPEN,EDITORIAL_SELECTION,true,ANALYTICS-ISSUE-TEMPLATE-P80-VOICES-TEXT-02
ISSUE-TEMPLATE-P81-THIRD_VERTICAL-09,83,P81,Requests for Submission & Open Assignments,AD,AD,THIRD_VERTICAL / AD_THIRD_VERTICAL,PRESS_PASS_WRITER / SIERRA_GRACE_EDITOR,"anna texas, voices & requests for submission, requests for submission & open assignments, ad, requests, submission, open, assignments, voices, third",,DRAFT_ADMIN_REVIEW,PAID_PLACEMENT,false,ANALYTICS-ISSUE-TEMPLATE-P81-THIRD_VERTICAL-09
ISSUE-TEMPLATE-P81-VOICES-DATA-01,83,P81,Requests for Submission & Open Assignments,DATA,VERIFIED_DATA_OR_GRAPHIC,"Requests for Submission & Open Assignments / MAP, CHART OR CHECKLIST",PRESS_PASS_WRITER / SIERRA_GRACE_EDITOR,"anna texas, voices & requests for submission, requests for submission & open assignments, data, requests, submission, open, assignments, voices, map",,OPEN,VERIFIED_QUERY,false,ANALYTICS-ISSUE-TEMPLATE-P81-VOICES-DATA-01
ISSUE-TEMPLATE-P81-VOICES-TEXT-01,83,P81,Requests for Submission & Open Assignments,TEXT,ARTICLE_OR_COPY,Requests for Submission & Open Assignments / EXPLAINER,PRESS_PASS_WRITER / SIERRA_GRACE_EDITOR,"anna texas, voices & requests for submission, requests for submission & open assignments, text, requests, submission, open, assignments, voices, explainer",150-450,OPEN,VERIFIED_QUERY,false,ANALYTICS-ISSUE-TEMPLATE-P81-VOICES-TEXT-01
ISSUE-TEMPLATE-P81-VOICES-TEXT-02,83,P81,Requests for Submission & Open Assignments,TEXT,ARTICLE_OR_COPY,Requests for Submission & Open Assignments / RESOURCE LIST,PRESS_PASS_WRITER / SIERRA_GRACE_EDITOR,"anna texas, voices & requests for submission, requests for submission & open assignments, text, requests, submission, open, assignments, voices, resource",100-350,OPEN,VERIFIED_QUERY,false,ANALYTICS-ISSUE-TEMPLATE-P81-VOICES-TEXT-02
ISSUE-TEMPLATE-P82-BACK-TEXT-01,84,P82,"Sources, Corrections & Disclosures",TEXT,ARTICLE_OR_COPY,SOURCES + REPORTING NOTES,PRESS_PASS_WRITER / SIERRA_GRACE_EDITOR,"anna texas, back matter, sources, corrections & disclosures, text, sources, corrections, disclosures, back, matter, reporting",400-800,OPEN,VERIFIED_QUERY,false,ANALYTICS-ISSUE-TEMPLATE-P82-BACK-TEXT-01
ISSUE-TEMPLATE-P82-BACK-TEXT-02,84,P82,"Sources, Corrections & Disclosures",TEXT,ARTICLE_OR_COPY,CORRECTIONS + DISCLOSURES + AI USE,PRESS_PASS_WRITER / SIERRA_GRACE_EDITOR,"anna texas, back matter, sources, corrections & disclosures, text, sources, corrections, disclosures, back, matter, use",400-800,OPEN,VERIFIED_QUERY,false,ANALYTICS-ISSUE-TEMPLATE-P82-BACK-TEXT-02
ISSUE-TEMPLATE-P82-BACK-TEXT-03,84,P82,"Sources, Corrections & Disclosures",TEXT,ARTICLE_OR_COPY,"RIGHTS, RELEASES + CONTACT",PRESS_PASS_WRITER / SIERRA_GRACE_EDITOR,"anna texas, back matter, sources, corrections & disclosures, text, sources, corrections, disclosures, back, matter, rights",400-800,OPEN,VERIFIED_QUERY,false,ANALYTICS-ISSUE-TEMPLATE-P82-BACK-TEXT-03
ISSUE-TEMPLATE-P83-BACK-TEXT-01,85,P83,"Contributors, Advertisers & Next Issue",TEXT,ARTICLE_OR_COPY,CONTRIBUTORS + COMMISSION LEDGER SUMMARY,PRESS_PASS_WRITER / SIERRA_GRACE_EDITOR,"anna texas, back matter, contributors, advertisers & next issue, text, contributors, advertisers, next, issue, back, matter",400-800,OPEN,VERIFIED_QUERY,false,ANALYTICS-ISSUE-TEMPLATE-P83-BACK-TEXT-01
ISSUE-TEMPLATE-P83-BACK-TEXT-02,85,P83,"Contributors, Advertisers & Next Issue",TEXT,ARTICLE_OR_COPY,ADVERTISER INDEX,PRESS_PASS_WRITER / SIERRA_GRACE_EDITOR,"anna texas, back matter, contributors, advertisers & next issue, text, contributors, advertisers, next, issue, back, matter",400-800,OPEN,VERIFIED_QUERY,false,ANALYTICS-ISSUE-TEMPLATE-P83-BACK-TEXT-02
ISSUE-TEMPLATE-P83-BACK-TEXT-03,85,P83,"Contributors, Advertisers & Next Issue",TEXT,ARTICLE_OR_COPY,NEXT ISSUE THEME + STORIES/PHOTOS NEEDED,PRESS_PASS_WRITER / SIERRA_GRACE_EDITOR,"anna texas, back matter, contributors, advertisers & next issue, text, contributors, advertisers, next, issue, back, matter",400-800,OPEN,VERIFIED_QUERY,false,ANALYTICS-ISSUE-TEMPLATE-P83-BACK-TEXT-03
ISSUE-TEMPLATE-P84-BACK-IMAGE-01,86,P84,Last Look,IMAGE,PHOTO_OR_ARTWORK,LAST LOOK / FULL-PAGE PHOTO,PRESS_PASS_PHOTOGRAPHER / ARTIST / PHOTO_EDITOR,"anna texas, back matter, last look, image, last, look, back, matter, full-page, local photography",,OPEN,AI CANDIDATES + HUMAN SAVE,true,ANALYTICS-ISSUE-TEMPLATE-P84-BACK-IMAGE-01
ISSUE-TEMPLATE-P84-BACK-TEXT-01,86,P84,Last Look,TEXT,ARTICLE_OR_COPY,LAST LOOK / CAPTION + CLOSING REFLECTION,PRESS_PASS_WRITER / SIERRA_GRACE_EDITOR,"anna texas, back matter, last look, text, last, look, back, matter, caption, closing",150-450,OPEN,EDITORIAL_SELECTION,true,ANALYTICS-ISSUE-TEMPLATE-P84-BACK-TEXT-01
ISSUE-TEMPLATE-C3-COVER-IBC,87,C3,Inside Back Cover Partner,AD,SPONSOR,INSIDE_BACK / COVER_IBC,PRESS_PASS_WRITER / SIERRA_GRACE_EDITOR,"anna texas, back matter, inside back cover partner, ad, inside, back, cover, partner, matter, ibc",,DRAFT_ADMIN_REVIEW,PAID_PLACEMENT,false,ANALYTICS-ISSUE-TEMPLATE-C3-COVER-IBC
ISSUE-TEMPLATE-C4-COVER-OBC,88,C4,Back Cover Partner,AD,SPONSOR,OUTSIDE_BACK / COVER_OBC,PRESS_PASS_WRITER / SIERRA_GRACE_EDITOR,"anna texas, back matter, back cover partner, ad, back, cover, partner, matter, outside, obc",,DRAFT_ADMIN_REVIEW,PAID_PLACEMENT,false,ANALYTICS-ISSUE-TEMPLATE-C4-COVER-OBC
